"","Name","Year_drafted","GP","MIN","PTS","FG_made","FGA","FG_percent","TP_made","TPA","TP_percent","FT_made","FTA","FT_percent","OREB","DREB","REB","AST","STL","BLK","TOV","Yrs","Target"
"1","Charlie Sitton",1984,43,7.1,2.1,0.9,2.2,41.5,0,0,0,0.3,0.6,52,0.6,0.8,1.4,0.6,0.2,0.1,0.4,1,0
"2","Bryan Warrick",1982,43,16.9,4,1.5,4,38,0,0.1,0,1,1.3,73.7,0.3,1.3,1.6,2.9,0.5,0.2,1.6,4,0
"3","Jordan Crawford",2010,42,24.5,11.7,4.6,11.9,38.4,0.8,3,25.8,1.7,2,86.9,0.7,1.8,2.5,2.8,0.9,0.1,2,4,0
"4","Travis Hansen",2003,41,12.4,3,1.1,3.2,35.4,0.2,0.7,30,0.5,0.7,81.5,0.7,1,1.7,0.5,0.2,0.2,0.4,1,0
"5","Daniel Ewing",2005,66,14.7,3.8,1.5,3.9,38,0.3,1.2,28.2,0.5,0.7,78.3,0.3,0.9,1.3,1.3,0.6,0.1,0.9,2,0
"6","Keith Smith",1986,42,11,3.3,1.4,3.6,38,0.1,0.2,33.3,0.5,0.7,75,0.3,0.5,0.8,1,0.6,0.1,0.7,1,0
"7","Rick Calloway",1990,64,10.6,3.2,1.2,3,39.1,0,0,0,0.9,1.2,69.6,0.4,0.8,1.2,1,0.3,0.1,0.8,1,0
"8","Bill Curley",1994,53,11.2,2.7,1.1,2.5,43.3,0,0,0,0.5,0.7,75,1,1.3,2.3,0.5,0.4,0.4,0.5,5,0
"9","Craig Shelton",1980,55,10.7,4.3,1.8,4,45.7,0,0,0,0.6,1.1,60.3,1.1,1.4,2.5,0.5,0.3,0.1,1.1,2,0
"10","Dee Brown",2006,49,9.2,1.9,0.7,2,32.7,0.1,0.6,21.4,0.5,0.8,64.9,0.2,0.7,0.8,1.7,0.5,0.1,0.6,2,0
"11","Marlon Garnett",1998,24,8.5,2.1,0.6,2.1,29.4,0.3,1,26.1,0.6,0.8,75,0.1,0.8,0.9,0.8,0.2,0,0.5,1,0
"12","Bubba Wells",1997,39,10.1,3.3,1.2,3,41.4,0,0.2,16.7,0.8,1.1,72.1,0.6,1.2,1.7,0.9,0.4,0.1,0.8,1,0
"13","Billy Reid",1980,59,10.1,3.2,1.4,3.1,45.4,0,0.1,0,0.4,0.7,56.4,0.5,0.6,1,1.2,0.6,0.1,1.3,1,0
"14","Bruce Flowers",1982,53,13.2,4.9,2.1,3.9,53.4,0,0,0,0.8,1,77.4,1.3,2.1,3.4,0.9,0.4,0.2,0.8,1,0
"15","Andrae Patterson",1998,35,8.1,3.3,1.2,2.8,44.3,0,0.1,0,0.8,1,77.8,0.9,1,1.9,0.4,0.5,0.2,0.6,2,0
"16","Cal Bowdler",1999,46,9.2,2.7,1.1,2.5,42.6,0,0,0,0.5,0.8,63.2,0.5,1.4,1.8,0.3,0.3,0.2,0.5,3,0
"17","Kenny Fields",1984,51,10.5,3.8,1.6,3.7,44,0,0,0,0.5,0.7,75,0.8,0.8,1.6,0.7,0.2,0.2,0.6,4,0
"18","Peter Thibeaux",1984,51,9,4.5,1.8,3.8,48.2,0,0,0,0.8,1.3,64.2,0.6,0.8,1.4,0.3,0.2,0.3,0.7,2,0
"19","Mark Davis",1995,57,10,3.3,1,2.6,36.9,0.1,0.2,30.8,1.3,2,63.8,1,1.2,2.2,0.8,0.7,0.4,1.2,5,0
"20","Bart Kofoed",1987,36,6.3,1.3,0.5,1.3,37.5,0.1,0.2,28.6,0.2,0.4,61.5,0.1,0.3,0.4,0.6,0.2,0,0.5,5,0
"21","Shelton Jones",1988,51,13.4,4.8,1.8,4.1,44.5,0,0,0,1.1,1.6,72.5,0.6,1.6,2.2,0.8,0.4,0.3,0.9,1,0
"22","Andy Toolson",1990,47,10,2.9,1.1,2.6,40.3,0.3,0.7,37.5,0.5,0.7,75.8,0.7,0.7,1.4,0.7,0.3,0,0.5,2,0
"23","David Rivers",1988,47,9.4,2.9,1,2.6,40.2,0,0.1,16.7,0.7,0.9,83.3,0.3,0.6,0.9,2.3,0.5,0.2,1.3,3,0
"24","Sam Worthen",1980,64,14.8,3.7,1.5,3,49.5,0,0.1,0,0.7,0.9,75,0.3,1.5,1.8,1.8,0.9,0.1,1.4,2,0
"25","Adam Morrison",2006,78,29.8,11.8,4.6,12.1,37.6,1.1,3.3,33.7,1.5,2.2,71,0.7,2.3,2.9,2.1,0.4,0.1,1.7,3,0
"26","Darnell Mee",1993,38,7.5,1.9,0.7,2.3,31.8,0.1,0.6,20.8,0.3,0.7,44.4,0.4,0.5,0.9,0.4,0.4,0.3,0.5,2,0
"27","Josh Harrellson",2011,37,14.6,4.4,1.7,4,42.3,0.5,1.6,33.9,0.4,0.7,61.5,1.3,2.6,3.9,0.3,0.6,0.5,0.5,3,0
"28","Kevin Brooks",1991,37,7.3,2.8,1.2,2.6,44.3,0.1,0.3,18.2,0.5,0.6,81,0.4,0.7,1.1,0.3,0.2,0.1,0.5,3,0
"29","Mustafa Shakur",2010,22,7.2,2.3,1,2.7,35.6,0,0.5,10,0.4,0.7,53.3,0.3,0.7,1,1.1,0.2,0.1,0.8,2,0
"30","Courtney Alexander",2000,65,21.3,9.5,3.7,8.8,41.7,0.3,0.7,37,1.9,2.3,82,0.6,1.6,2.2,1,0.7,0.1,1.1,3,0
"31","Patrick Ewing",1985,50,35.4,20,7.7,16.3,47.4,0,0.1,0,4.5,6.1,73.9,2.5,6.5,9,2,1.1,2.1,3.4,1,0
"32","Mike Peplowski",1993,55,12.1,3.2,1.4,2.6,53.9,0,0,0,0.4,0.8,54.5,0.9,2.2,3.1,0.4,0.3,0.5,0.6,3,0
"33","Dwayne Morton",1994,41,9.6,4.1,1.2,3.1,38.8,0.2,0.6,36,1.4,2.1,68.2,0.5,0.9,1.4,0.4,0.3,0.4,0.7,1,0
"34","Tierre Brown",2001,40,10.1,3.1,1.2,2.9,42.6,0.1,0.3,33.3,0.5,0.7,75,0.3,0.8,1.1,1.8,0.5,0.1,1,4,0
"35","Leon Powe",2006,63,11.4,4.2,1.3,2.8,44.6,0,0,0,1.7,2.3,73.6,1.5,1.9,3.4,0.2,0.2,0.3,0.8,5,0
"36","Acie Earl",1993,74,15.5,5.5,2,5,40.6,0,0,0,1.5,2.2,67.5,1.1,2.2,3.3,0.2,0.3,0.7,1,4,0
"37","Howard Carter",1983,55,12.5,6.2,2.6,5.7,45.9,0.1,0.3,26.3,0.9,1.1,77,0.7,0.9,1.6,1.3,0.3,0.1,0.8,2,0
"38","Michael Anderson",1988,36,20.3,5.7,2,4.9,41.7,0,0.2,14.3,1.6,2.3,69.5,1.2,1.3,2.5,4.3,1.2,0.1,2.3,1,0
"39","Anthony Jones",1986,65,13.2,5,2,5,41.3,0.1,0.3,35,0.8,1,76.9,0.6,1,1.6,1.1,0.7,0.3,0.8,3,0
"40","Kevin Burleson",2005,39,8.7,1.8,0.6,2.3,25,0.3,1.4,18.5,0.4,0.4,94.1,0.1,0.6,0.7,1.2,0.7,0.1,0.6,1,0
"41","Dave Batton",1982,54,10.3,3.3,1.6,3.5,44.5,0,0.1,0,0.1,0.3,47.1,0.8,1.4,2.2,0.5,0.3,0.2,0.5,2,0
"42","Bernard Thompson",1984,59,9.1,3.3,1.3,3.6,37.3,0,0.1,0,0.7,0.9,76.5,0.6,0.7,1.3,0.9,0.5,0.2,0.6,5,0
"43","Rickey Williams",1982,44,7.9,3.3,1.3,3.1,41.5,0,0.1,0,0.8,1.2,66,0.3,0.5,0.9,0.8,0.5,0.1,0.9,1,0
"44","Charles Bradley",1981,51,6.6,3,1.1,2.4,45.1,0,0,0,0.8,1.2,67.7,0.2,0.5,0.7,0.4,0.3,0.1,0.7,3,0
"45","John Shasky",1988,65,14.5,5.5,1.9,3.8,48.8,0,0,0,1.8,2.6,68.9,1.5,2.1,3.6,0.3,0.2,0.2,0.7,3,0
"46","Charles Jenkins",2011,51,17.5,5.8,2.5,5.7,44.7,0.1,0.4,15,0.7,0.8,87.2,0.2,1.2,1.3,3.3,0.7,0.1,1.2,2,0
"47","Devin Durrant",1984,59,12.8,5.1,1.9,4.6,41.6,0,0.1,0,1.2,1.7,70.6,0.8,1.3,2.1,1.4,0.3,0.2,1.3,2,0
"48","Terence Stansbury",1984,74,17.3,7.1,2.8,6.2,45.9,0.1,0.3,16,1.4,1.7,81,0.5,1,1.5,1.7,0.6,0.2,1.1,3,0
"49","Steve Harris",1985,57,8.5,4.5,1.8,4.1,44.2,0,0.1,20,0.9,0.9,92.6,0.4,0.6,1,0.9,0.4,0.1,0.6,5,0
"50","Charles Jones",1984,78,20.1,8.4,3,5.8,52,0,0.1,0,2.3,3.6,64.8,1.8,3.3,5.1,1.6,0.6,0.8,1.8,4,0
"51","John Douglas",1981,64,16.1,7,2.8,6.1,46.5,0.3,0.9,30.5,1,1.6,65.7,0.4,1,1.4,2.3,0.8,0.1,1.4,2,0
"52","Lester Hudson",2009,25,5.2,2.3,0.8,2.1,39.6,0.2,0.6,31.3,0.4,0.5,84.6,0.3,0.4,0.7,0.5,0.3,0.1,0.6,4,0
"53","Clark Kellogg",1982,81,34.1,20.1,8.4,17.5,47.9,0,0.2,22.2,3.2,4.3,74.1,4.2,6.4,10.6,2.8,1.7,0.5,2.7,5,0
"54","Marshon Brooks",2011,56,29.4,12.6,4.9,11.4,42.8,0.8,2.7,31.3,2,2.6,76.4,1.3,2.3,3.6,2.3,0.9,0.3,2.1,3,0
"55","Brian Davis",1993,68,5.5,1.9,0.6,1.9,31.7,0,0,33.3,0.7,1,73.5,0.3,0.5,0.8,0.3,0.2,0.1,0.3,1,0
"56","Khalid El-Amin",2000,50,18.7,6.3,2.3,6.2,37,0.6,1.7,33.3,1.1,1.4,77.8,0.4,1.2,1.6,2.9,1,0,1.1,1,0
"57","Travis Mays",1990,64,33.5,14.3,4.6,11.3,40.6,1.1,3.1,36.5,4,5.2,77,0.8,1.9,2.8,4,1.3,0.2,2.5,3,0
"58","Chris Corchiani",1991,51,14.5,5,1.5,3.8,39.9,0.2,0.7,27,1.8,2,87.5,0.4,1.2,1.5,2.8,0.9,0,1.4,3,0
"59","Ralph Lewis",1987,50,6.2,1.7,0.5,1.7,31,0,0,0,0.6,1,60.4,0.3,0.7,1,0.3,0.3,0.1,0.4,3,0
"60","James Singleton",2005,59,12.8,3.4,1.3,2.6,51,0.2,0.3,50,0.7,0.8,78,1.1,2.3,3.3,0.5,0.3,0.4,0.5,5,0
"61","Richard Dumas",1992,48,27.5,15.8,6.3,12,52.4,0,0.1,33.3,3.2,4.5,70.7,2.1,2.6,4.6,1.3,1.8,0.8,1.9,3,0
"62","Manny Harris",2010,54,17.3,5.9,2,5.4,37.4,0.6,1.7,37,1.3,1.7,76.3,0.7,1.9,2.6,1.6,0.6,0.1,1.2,3,0
"63","John Stroeder",1987,41,6.6,1.9,0.7,1.9,36.7,0,0,0,0.5,0.7,66.7,0.6,1.1,1.7,0.5,0.1,0.3,0.6,2,0
"64","Ryan Lorthridge",1994,37,18.2,7.4,2.9,6,47.5,0.1,0.4,21.4,1.5,2.4,64.8,0.6,1.3,1.9,2.7,0.8,0,1.5,1,0
"65","Bill Martin",1985,66,10.5,5,2.2,4.5,48,0,0.1,0,0.7,0.8,85.2,0.6,0.9,1.5,0.8,0.3,0.1,0.9,3,0
"66","Orien Greene",2005,80,15.4,3.2,1.3,3.2,39.5,0.1,0.5,22.5,0.6,0.9,66.2,0.5,1.4,1.8,1.6,1,0.1,1.4,4,0
"67","Willie White",1984,39,6,3.3,1.3,3.2,41.9,0.1,0.3,36.4,0.5,0.8,67.7,0.4,0.5,0.9,0.7,0.1,0.1,0.8,2,0
"68","Fred Cofield",1985,45,10.4,3.7,1.7,4.1,40.8,0.1,0.3,20,0.3,0.4,60,0.1,0.9,1,1.8,0.4,0.1,1.1,2,0
"69","Cory Blackwell",1984,60,9.2,3.4,1.5,4,36.7,0,0,0,0.5,0.9,50.9,0.7,0.9,1.6,0.4,0.4,0.1,0.7,1,0
"70","Steve Stipanovich",1983,81,30,12,4.8,10.1,48,0,0.2,18.8,2.3,3,75.3,1.4,5.5,6.9,2.1,0.9,0.8,2,5,0
"71","Chris Singleton",2011,66,21.7,4.6,1.8,4.7,37.2,0.7,1.9,34.6,0.5,0.7,68.2,0.7,2.9,3.5,0.7,1.1,0.5,0.6,3,0
"72","Brandon Hunter",2003,36,11.3,3.5,1.5,3.2,45.7,0,0.1,0,0.5,1.2,44.2,1.4,1.9,3.3,0.5,0.4,0,0.6,2,0
"73","Roshown McLeod",1998,34,10.2,4.8,1.8,4.8,38,0,0.3,10,1.1,1.3,82.2,0.4,1.1,1.5,0.4,0.1,0,0.7,3,0
"74","Walter Berry",1986,63,25.2,15.9,6.5,12.2,53.1,0,0,0,3,4.6,64.9,2.2,2.7,4.9,1.7,0.6,0.6,2.4,3,0
"75","Ed Rains",1981,49,13,3.9,1.6,3.6,43.5,0,0,0,0.8,1.3,59.4,0.8,0.9,1.6,0.8,0.4,0,0.5,2,0
"76","Jonny Flynn",2009,81,28.9,13.5,4.9,11.8,41.7,1,2.7,35.8,2.8,3.3,82.6,0.3,2.1,2.4,4.4,1,0,2.9,3,0
"77","Bill Garnett",1982,75,18.8,6.3,2.3,4.3,53.3,0,0,0,1.7,2.3,74.1,1.9,3.5,5.4,1.4,0.6,0.9,1.1,4,0
"78","Cedric Henderson",1997,82,30.8,10.1,4.2,8.8,48,0,0,0,1.7,2.3,71.6,0.9,3.1,4,2,1.2,0.6,2,5,0
"79","Will Solomon",2001,62,14.1,5.2,1.8,5.3,34.1,0.7,2.6,28.4,0.8,1.2,67.1,0.2,0.9,1.1,1.5,0.6,0.1,1,2,0
"80","Kevin Pritchard",1990,62,12.5,3.9,1.4,3.7,38.4,0.1,0.5,16.1,1,1.2,80.5,0.3,0.8,1,1.3,0.5,0.1,0.9,4,0
"81","Randy White",1989,55,12.9,4.3,1.7,4.6,36.9,0,0.3,7.1,0.9,1.6,56.2,1.4,1.7,3.1,0.4,0.4,0.1,0.8,5,0
"82","Nolan Smith",2011,44,12.3,3.8,1.5,4.1,37.2,0.3,1,28.9,0.5,0.6,71.4,0.4,0.9,1.3,1.4,0.4,0.1,0.9,2,0
"83","Jamie Watson",1994,60,11.2,3.3,1.3,2.5,50,0.1,0.3,26.3,0.6,0.9,67.9,0.3,1,1.2,1,0.6,0.2,0.8,4,0
"84","Jeff Taylor",1982,44,17.6,3.6,1.5,3.6,40,0,0,0,0.7,1,65.2,0.6,1.2,1.8,2.5,0.9,0.3,1.4,2,0
"85","Mike Williams",1989,21,4.9,0.7,0.3,0.9,33.3,0,0,0,0.1,0.3,50,0.2,0.9,1.1,0.1,0.1,0.3,0.1,1,0
"86","A.J. English",1990,70,20.6,8.8,3.6,8.2,43.9,0,0.4,9.7,1.6,2.2,70.7,0.9,1.2,2.1,2.5,0.4,0.2,1.6,2,0
"87","Javaris Crittenton",2007,50,13.6,5.6,2,4.7,42.1,0.2,0.7,27,1.4,2.1,69.2,0.5,1.7,2.2,1,0.4,0,1.1,2,0
"88","Greg Sutton",1991,67,9,3.7,1.4,3.6,38.8,0.4,1.3,29.2,0.5,0.7,75.6,0.1,0.6,0.7,1.4,0.4,0.1,1,3,0
"89","Vincent Yarbrough",2002,59,23.4,6.9,2.8,7.3,39.3,0.4,1.3,26.9,0.8,1.1,79,0.6,2.1,2.7,2.2,1,0.6,1.4,1,0
"90","Winston Bennett",1989,55,18,6.1,2.5,5.2,47.9,0,0,0,1.2,1.7,66.7,1.5,1.9,3.4,1,0.4,0.2,1.1,3,0
"91","Rich King",1991,40,5.3,2.2,0.7,1.8,38,0,0,0,0.9,1.1,75.6,0.5,0.7,1.2,0.3,0.1,0.1,0.5,4,0
"92","Quincy Pondexter",2010,66,11.1,2.8,1.1,2.7,40.6,0.3,0.8,36,0.4,0.5,70.6,0.3,1,1.3,0.4,0.3,0.1,0.2,5,0
"93","Josh Grant",1993,53,7.2,3,1.1,2.8,40.4,0.3,1.2,27.9,0.4,0.5,75.9,0.5,1.2,1.7,0.5,0.3,0.1,0.6,1,0
"94","Billy Donovan",1987,44,8.3,2.4,1,2.5,40.4,0,0.2,0,0.4,0.5,81,0.1,0.5,0.6,2,0.4,0,0.9,1,0
"95","Mark Radford",1981,43,8.6,3.4,1.3,2.3,54,0,0.1,66.7,0.8,1.6,50.7,0.3,0.4,0.7,1.3,0.4,0.1,1,2,0
"96","Jeremy Tyler",2011,42,13.5,4.9,2.1,5,42.1,0,0,0,0.7,1.2,55.8,1.3,2,3.3,0.4,0.4,0.5,0.9,3,0
"97","Steve Hamer",1996,35,7.7,2.2,0.9,1.6,52.6,0,0.1,0,0.5,0.8,55.2,0.5,1.2,1.7,0.2,0.1,0.1,0.4,1,0
"98","Randy Woods",1992,41,4.2,1.7,0.6,1.6,34.8,0.1,0.3,21.4,0.5,0.6,73.1,0.1,0.2,0.3,1,0.3,0,0.4,4,0
"99","DaJuan Summers",2009,44,9.2,3,1,3,35.4,0.3,1,35.7,0.6,0.9,71.1,0.3,0.7,1,0.4,0.2,0.2,0.4,4,0
"100","Mario West",2007,64,4.2,0.9,0.3,0.8,42.9,0,0.1,0,0.3,0.4,65.4,0.4,0.3,0.8,0.2,0.2,0.1,0.1,4,0
"101","Eddie Robinson",1999,67,16.6,7,3.2,5.8,54.9,0,0.1,0,0.7,1,73.4,0.8,1.9,2.7,0.5,0.7,0.4,0.6,5,0
"102","Dajuan Wagner",2002,47,29.5,13.4,4.7,12.9,36.9,1.2,3.7,31.6,2.7,3.4,80,0.4,1.3,1.7,2.8,0.8,0.1,1.8,4,0
"103","Andre Brown",2006,38,7.1,2.4,1.1,1.9,56.8,0,0,0,0.2,0.4,60,0.7,1.3,1.9,0.1,0.2,0.1,0.8,3,0
"104","Jerald Honeycutt",1997,38,13.9,6.4,2.4,5.8,40.7,0.8,2,37.7,0.9,1.5,62.1,0.7,1.7,2.4,0.9,0.5,0.2,1.3,2,0
"105","Gerald Glass",1990,51,11.9,6.9,2.9,6.7,43.8,0,0.3,11.8,1,1.5,68.4,1.1,0.9,2,0.8,0.6,0.2,0.8,4,0
"106","Julian Wright",2007,57,11.2,3.9,1.6,3,53.3,0.2,0.4,41.7,0.6,0.9,63.5,0.6,1.5,2.1,0.7,0.5,0.2,0.6,4,0
"107","Tim Breaux",1994,42,8.1,3,1.1,2.9,37.2,0.1,0.6,24,0.8,1.2,65.3,0.4,0.4,0.8,0.4,0.3,0.1,0.4,3,0
"108","David Noel",2006,68,11.6,2.7,1,2.6,36.7,0.3,0.8,32.1,0.5,0.6,86,0.6,1.2,1.8,1,0.4,0.1,0.6,1,0
"109","Paul Thompson",1983,82,21.1,9,3.8,8.1,46.7,0.1,0.5,23.1,1.4,1.8,77.2,1.5,2.3,3.8,1.5,0.8,0.5,0.9,3,0
"110","Mike Niles",1980,44,5.3,2.6,1.1,3.1,34.8,0,0.1,50,0.4,0.8,45.9,0.6,0.7,1.3,0.3,0.2,0,0.6,1,0
"111","Dwayne McClain",1985,45,10.2,3.5,1.5,4,38.3,0,0.2,11.1,0.4,0.8,51.4,0.3,0.4,0.7,1.5,0.8,0.1,0.9,1,0
"112","Clifford Rozier",1994,66,22.6,6.8,2.9,5.9,48.5,0,0.1,28.6,1,2.3,44.7,3,4.3,7.4,0.7,0.5,0.6,1.4,4,0
"113","Darnell Jackson",2008,51,8.4,1.9,0.7,1.7,43,0,0,0,0.5,0.7,68.6,0.6,1.1,1.7,0.2,0.2,0.1,0.3,3,0
"114","Granville Waiters",1983,78,13.3,3.6,1.6,3.1,51.7,0,0,0,0.4,0.7,60.8,0.8,2.1,2.9,0.8,0.3,1.1,0.8,5,0
"115","Marlon Maxey",1992,43,12.1,5.4,2.2,3.9,55,0,0,0,1,1.6,64.3,1.5,2.3,3.8,0.3,0.3,0.4,0.9,2,0
"116","Leroy Combs",1983,48,9.3,4.5,1.7,3.4,49.7,0,0.1,0,1.2,1.9,61.5,0.4,0.8,1.2,0.8,0.5,0.4,1,1,0
"117","Terrence Rencher",1995,36,11.3,2.9,0.9,2.8,33,0.3,0.8,31,0.9,1.3,67.4,0.3,1,1.2,1.5,0.4,0.1,1.2,1,0
"118","Litterial Green",1992,52,12,4.5,1.7,3.8,43.9,0,0.2,10,1.2,1.8,62.5,0.2,0.4,0.7,2.2,0.4,0.1,0.8,5,0
"119","Greg Minor",1994,63,15,6,2.5,4.8,51.5,0,0.2,16.7,1,1.2,83.3,0.8,1.4,2.2,1,0.5,0.3,0.7,5,0
"120","Tracy Moore",1991,42,18.6,8.5,3.1,7.7,40,0.7,2,35.7,1.5,1.9,83.3,0.7,1.2,2,1.1,0.8,0.1,1.1,5,0
"121","Dallas Comegys",1987,75,15,5.6,2.1,4.8,43,0,0,0,1.4,2,70.7,0.7,2.2,2.9,0.9,0.5,0.9,1.6,2,0
"122","Rodney Carney",2006,67,17.4,6.6,2.7,5.9,46.4,0.4,1.1,34.7,0.8,1.3,60.9,0.6,1.3,1.9,0.4,0.6,0.3,0.6,5,0
"123","Larry Stewart",1991,76,29.3,10.4,4,7.8,51.4,0,0,0,2.5,3.1,80.7,2.4,3.5,5.9,1.6,0.7,0.6,1.5,5,0
"124","Reggie Johnson",1980,79,21.7,10.2,4.3,8.6,49.9,0,0,0,1.6,2.4,66.3,1.7,2.9,4.5,1,0.6,0.6,1.6,4,0
"125","Ed Horton",1989,45,8.3,4.5,1.8,3.6,49.4,0,0.1,0,0.9,1.5,60.9,1.3,1.1,2.4,0.4,0.2,0.1,0.9,1,0
"126","Michael Jackson",1987,58,13.1,2.7,1.1,2.9,37.4,0.1,0.4,24,0.4,0.6,71.9,0.3,0.7,1,3.1,0.3,0.1,1,3,0
"127","Michael Smith",1989,65,9.5,5,2.1,4.4,47.6,0,0.4,7.1,0.8,1,82.8,0.6,0.9,1.5,1.2,0.1,0,0.8,3,0
"128","Malcolm Lee",2011,19,12.8,3.3,1.2,3.1,39,0.1,0.5,20,0.7,0.9,82.4,0.5,0.9,1.4,1.6,0.4,0.2,0.9,3,0
"129","Mark Alarie",1986,64,17.3,7.9,3.4,6.9,49,0,0.1,22.2,1,1.6,66.3,1.1,2.2,3.3,1.2,0.3,0.4,0.9,5,0
"130","Kelvin Upshaw",1988,32,19.3,6.8,3.1,6.6,46.7,0.1,0.5,20,0.6,0.8,69.2,0.3,1.2,1.5,3.7,0.8,0.1,1.7,3,0
"131","Carey Scurry",1985,78,15,4.7,1.8,3.9,47.2,0,0.1,9.1,1,1.6,61.9,1.2,1.9,3.1,1.1,1,0.8,1.2,3,0
"132","Charles Smith",1989,60,8.7,2.9,1,2.2,44.4,0,0.1,0,0.9,1.3,69.7,0.2,0.9,1.2,1.7,0.6,0.1,0.6,3,0
"133","Chris Herren",1999,45,13.3,3.1,1,2.8,36.3,0.5,1.5,35.8,0.6,0.9,67.5,0.3,0.9,1.2,2.5,0.3,0,0.9,2,0
"134","Roy Rogers",1999,40,8.9,2.2,0.9,2.2,39.8,0,0,0,0.5,1,46.3,0.8,1.2,2,0.2,0.1,0.9,0.3,3,0
"135","Cory Higgins",2011,38,11.1,3.9,1.4,4.2,32.5,0.1,0.5,20,1.1,1.6,70,0.2,0.7,0.9,0.9,0.1,0.2,1,2,0
"136","Terence Morris",2001,68,16.3,3.8,1.6,4.3,38.4,0.2,1.1,19.2,0.3,0.4,64.3,1.1,2,3.1,0.9,0.3,0.4,0.7,3,0
"137","Tyus Edney",1995,80,31,10.8,3.8,9.3,41.2,0.7,1.8,36.8,2.5,3.2,78.2,0.8,1.7,2.5,6.1,1.1,0,2.4,4,0
"138","Trevor Ruffin",1994,49,6.5,4.8,1.7,4,42.6,0.8,2,38.4,0.6,0.8,71.1,0.2,0.3,0.5,1,0.3,0,1,2,0
"139","Marcus Liberty",1990,76,15.4,6.7,2.8,6.8,42.1,0.2,0.8,29.8,0.8,1.2,63,1.5,1.4,2.9,0.8,0.6,0.3,0.9,4,0
"140","Bobby Brown",2008,68,13.7,5.3,2.1,5.3,39.2,0.7,1.9,34.6,0.5,0.6,79.1,0.2,0.6,0.8,1.7,0.3,0,0.9,3,0
"141","Kyle Weaver",2008,56,20.8,5.3,2,4.4,45.9,0.6,1.7,34.4,0.7,1,70.7,0.6,1.8,2.3,1.8,0.8,0.5,1.2,3,0
"142","Acie Law",2007,56,15.4,4.2,1.7,4.2,40.1,0.1,0.6,20.6,0.7,0.9,79.2,0.2,0.8,1,2,0.5,0,1,4,0
"143","Gerald Brown",1998,33,7.2,2.4,1,2.7,37.1,0.1,0.3,30,0.3,0.4,78.6,0.2,0.5,0.7,0.9,0.1,0,0.7,1,0
"144","Jeff Martin",1989,69,19.6,6.3,2.5,6,41.1,0,0.2,13.3,1.3,1.9,70.5,1.1,1.2,2.3,0.6,0.6,0.2,0.7,2,0
"145","William Avery",1999,59,8.2,2.6,0.9,3.1,30.9,0.3,1.1,28.6,0.4,0.6,66.7,0.1,0.5,0.7,1.5,0.2,0,0.7,3,0
"146","John Thomas",1997,54,9.9,2.8,1,2.1,48.7,0,0,0,0.8,1,75.9,0.9,1.1,2,0.3,0.4,0.2,0.8,5,0
"147","Donta Smith",2004,38,11.4,3.3,1.2,3,38.9,0.2,0.6,27.3,0.9,1.3,68.8,0.5,0.9,1.4,1,0.6,0.1,0.7,2,0
"148","Clinton Wheeler",1987,59,8.7,2.5,1.1,2.2,47,0,0,0,0.4,0.6,73.5,0.3,0.4,0.7,1.7,0.6,0,0.9,2,0
"149","Larry Micheaux",1983,39,8.5,3.1,1.3,2.3,54.4,0,0,0,0.5,1,53.8,1,1.9,2.9,0.5,0.5,0.3,0.5,2,0
"150","Shawn Respert",1995,62,13.6,4.9,1.8,4.7,38.7,0.7,2,34.4,0.6,0.7,83.3,0.5,0.7,1.2,1.1,0.5,0.1,0.7,4,0
"151","Hassan Adams",2006,61,8.1,2.9,1.2,2.2,55.6,0,0,0,0.4,0.6,66.7,0.6,0.7,1.3,0.2,0.3,0.1,0.4,2,0
"152","Jamie Feick",1996,41,15.2,3.7,1.4,3.8,35.7,0.1,0.3,35.7,0.8,1.6,50.7,2,3.2,5.2,0.6,0.4,0.3,0.8,5,0
"153","Cedric Jackson",2009,12,6.3,1.7,0.5,1.7,30,0.1,0.5,16.7,0.6,1,58.3,0.2,0.5,0.7,1.2,0.3,0.2,0.9,1,0
"154","John Duren",1980,40,11.5,1.8,0.8,2.5,32.7,0,0,0,0.1,0.2,55.6,0.2,0.7,0.9,1.4,0.5,0.1,0.9,3,0
"155","Greg Graham",1993,70,12.7,4.8,1.7,4.4,40,0,0.4,8,1.3,1.6,83.6,0.3,0.9,1.2,0.9,0.9,0.1,0.9,5,0
"156","Marcus Haislip",2002,39,11.3,4.1,1.7,3.9,43.1,0.1,0.3,25,0.7,1,68.4,0.5,0.8,1.4,0.2,0.2,0.5,0.5,4,0
"157","Gerald Paddio",1990,70,16.9,7.2,3,7.2,41.9,0.1,0.3,25,1.1,1.3,79.6,0.5,1.1,1.7,1.3,0.3,0.1,1,3,0
"158","Jose Slaughter",1982,63,8.2,3.6,1.4,3.8,37.4,0.1,0.7,22,0.6,0.9,64.4,0.5,0.5,1.1,0.8,0.6,0.1,0.7,1,0
"159","Andre Barrett",2004,38,12.7,3.1,1.2,3.3,36.3,0.4,1.4,26.9,0.4,0.5,73.7,0.3,0.8,1.1,1.8,0.5,0,0.7,4,0
"160","Smush Parker",2002,66,16.7,6.2,2.1,5.1,40.2,0.6,1.8,32.2,1.5,1.8,83.1,0.4,1.4,1.8,2.5,0.7,0.2,2,5,0
"161","Andrew Goudelock",2011,40,10.5,4.4,1.7,4.4,39.1,0.7,1.9,37.3,0.3,0.3,91.7,0.1,0.7,0.8,0.5,0.1,0,0.5,3,0
"162","Gerald Fitch",2005,18,13.3,4.7,1.7,4.9,33.7,0.4,1.4,26.9,0.9,1.3,73.9,0.4,1.3,1.7,1.8,0.4,0.3,0.8,1,0
"163","Kirk Snyder",2004,68,13.3,5,1.8,4.8,37.2,0.4,1.3,35.3,0.9,1.4,66.7,0.7,1,1.8,0.5,0.4,0.3,0.8,4,0
"164","Gary Plummer",1984,66,10.6,3.8,1.4,3.5,39.7,0,0.1,25,1,1.4,70.7,0.8,1.2,2,0.4,0.2,0.2,0.8,2,0
"165","Todd Fuller",1996,75,12.7,4.1,1.5,3.5,42.9,0,0,0,1,1.5,69.1,1.4,1.9,3.3,0.3,0.1,0.3,0.7,5,0
"166","Harold Miner",1992,73,18.9,10.3,4,8.4,47.5,0,0.1,33.3,2.2,2.9,76.2,1,1,2,1,0.5,0.1,1.3,4,0
"167","Kenny Payne",1989,35,6.2,3.3,1.3,3.1,43.5,0.1,0.3,40,0.5,0.5,88.9,0.3,0.4,0.7,0.3,0.2,0.2,0.6,4,0
"168","Delaney Rudd",1989,77,11,3.5,1.4,3.4,42.9,0.2,0.7,28.6,0.5,0.7,66,0.2,0.6,0.7,2.3,0.3,0,1.1,4,0
"169","Chris Smith",1992,80,15.8,4.3,1.6,3.6,43.3,0,0.2,14.3,1.2,1.5,79.2,0.4,0.8,1.2,2.5,0.6,0.2,0.8,3,0
"170","Darren Daye",1983,75,15.7,6.1,2.4,5.4,44.1,0,0.1,0,1.3,1.8,71.4,1.2,1.3,2.5,2.3,0.5,0.2,1.3,5,0
"171","Ken Bannister",1984,75,18.7,6.8,2.8,5.9,47,0,0,0,1.2,2.6,47.4,1.4,3,4.4,0.5,0.5,0.5,1.9,5,0
"172","Lowes Moore",1980,71,19.8,7,3,6.7,44.4,0.1,0.4,14.8,1,1.3,75,0.6,1.8,2.4,3.2,0.9,0.2,1.5,3,0
"173","Ivan Johnson",2011,56,16.7,6.4,2.5,4.9,51.3,0,0.1,33.3,1.3,1.8,72,1.2,2.9,4,0.6,0.8,0.3,1.2,2,0
"174","Everette Stephens",1988,35,6,1.9,0.7,2.1,31.9,0.1,0.3,20,0.5,0.6,77.3,0.3,0.3,0.7,1.1,0.3,0.1,0.8,2,0
"175","Jimmer Fredette",2011,61,18.6,7.6,2.8,7.3,38.6,1.3,3.5,36.1,0.7,0.8,83.3,0.3,0.9,1.2,1.8,0.5,0.1,1.1,5,0
"176","Jay Williams",2002,75,26.1,9.5,3.6,9.1,39.9,0.9,2.7,32.2,1.4,2.1,64,0.4,2.2,2.6,4.7,1.1,0.2,2.3,1,0
"177","Greg Stiemsma",2011,55,13.9,2.9,1.2,2.2,54.5,0,0,0,0.5,0.7,70.7,0.9,2.3,3.2,0.5,0.7,1.6,0.6,4,0
"178","Nate Johnston",1989,21,4.1,2.2,0.9,2.3,37.5,0,0.2,25,0.4,0.6,69.2,0.6,0.5,1.1,0,0.1,0.4,0.3,1,0
"179","Lynn Greer",2006,41,10.5,4.1,1.5,3.4,43.3,0.4,1.3,34.6,0.7,0.8,84.4,0,0.6,0.7,1.3,0.4,0,0.4,1,0
"180","Jerry Eaves",1982,82,19.4,9.3,3.4,7,48.7,0,0.1,12.5,2.4,3,81,0.4,1.1,1.5,2.6,0.6,0,1.9,4,0
"181","Kennard Winchester",1990,64,9.5,3.7,1.5,3.8,40,0.1,0.3,40,0.5,0.7,77.8,0.5,0.5,1,0.4,0.3,0.2,0.5,3,0
"182","Tony Dumas",1994,58,10.6,4.6,1.7,4.3,38.4,0.4,1.3,30.1,0.9,1.3,64.9,0.6,0.5,1.1,1,0.2,0.1,0.9,4,0
"183","Brian Oliver",1990,73,11,3.8,1.5,3.7,40.8,0.1,0.2,27.8,0.7,1,73.2,0.2,0.8,1.1,1.2,0.5,0.1,0.7,4,0
"184","Bo Kimble",1990,62,16.2,6.9,2.6,6.7,38,0.3,1,29.2,1.5,1.9,77.3,0.7,1.2,1.9,1.2,0.5,0.1,1.2,3,0
"185","Norris Cole",2011,65,19.4,6.8,2.7,6.9,39.3,0.3,1.2,27.6,1,1.3,77.6,0.3,1.1,1.4,2,0.7,0,1.6,5,0
"186","Darren Tillis",1982,52,10.1,3.2,1.5,3.5,42,0,0,0,0.3,0.5,57.1,0.8,1.7,2.5,0.3,0.1,0.6,0.4,2,0
"187","Henry Turner",1989,36,8.8,4.3,1.6,3.4,47.5,0,0.1,0,1.1,1.8,61.5,0.6,0.8,1.4,0.6,0.5,0.2,0.7,2,0
"188","Rod Foster",1983,80,17.8,8.3,3.3,7.3,44.8,0.3,1.1,26.2,1.5,1.9,78.7,0.5,1,1.5,2.2,0.7,0.1,1.4,3,0
"189","Mike Taylor",2008,51,15.1,5.7,2.2,5.2,41.2,0.3,0.8,32.5,1.1,1.6,69.1,0.4,1.3,1.7,2.1,0.7,0,1.4,1,0
"190","Mike Iuzzolino",1991,52,24.6,9.3,3.1,6.8,45.1,1.1,2.6,43.4,2.1,2.5,83.6,0.5,1.4,1.9,3.7,0.6,0,1.8,2,0
"191","Lonny Baxter",2002,55,12.4,4.8,1.7,3.7,46.6,0,0,0,1.3,1.9,68,1.2,1.8,3,0.3,0.2,0.4,0.8,4,0
"192","Darrin Hancock",1994,46,9.2,3.3,1.5,2.6,56.2,0,0.1,33.3,0.3,0.8,41,0.3,0.8,1.2,0.7,0.4,0.1,0.7,3,0
"193","John Morton",1989,37,10.9,3.9,1.3,4.4,29.8,0.2,0.8,23.3,1.2,1.7,69.4,0.2,0.7,0.9,1.8,0.5,0.1,1.4,3,0
"194","Craig Neal",1988,53,9.4,2.2,0.8,2.3,36.6,0.2,0.6,29.4,0.3,0.4,60.9,0.1,0.4,0.5,2.2,0.5,0.1,1,2,0
"195","Tharon Mayes",1991,24,10.6,4.1,1.3,4.1,30.3,0.6,1.7,36.6,1,1.5,66.7,0.1,0.5,0.7,1.5,0.7,0.1,1.3,1,0
"196","Tyrone Nesby",1998,50,25.8,10.1,3.6,8.1,44.9,0.7,1.9,36.5,2.1,2.7,78.2,1.1,2.4,3.5,1.6,1.5,0.4,1.1,4,0
"197","Milt Wagner",1987,40,9.5,3.8,1.6,3.7,42.2,0.1,0.3,20,0.7,0.7,89.7,0.1,0.6,0.7,1.5,0.1,0.1,0.6,2,0
"198","Rudy Macklin",1981,79,19.2,7,2.7,6.1,43.4,0,0,0,1.7,2.2,77.5,1.4,1.9,3.3,0.6,0.5,0.3,1.4,3,0
"199","Clinton Smith",1986,41,8.3,3.1,1.2,2.9,42.7,0,0,0,0.7,0.9,75,0.6,0.7,1.4,1.1,0.3,0,0.6,2,0
"200","Donald Hodge",1991,51,20.7,8.4,3.2,6.4,49.7,0,0,0,2,2.9,66.7,2.3,3.1,5.4,0.8,0.5,0.5,1.5,5,0
"201","Tellis Frank",1987,78,20.5,8.1,3.1,7.2,42.8,0,0,0,1.9,2.7,72.5,1.2,3,4.2,1.4,0.7,0.3,1.4,5,0
"202","Richard Coffey",1990,52,6.2,1.3,0.5,1.4,37.3,0,0,0,0.2,0.4,54.5,0.8,0.7,1.5,0.1,0.1,0.1,0.1,1,0
"203","Ekpe Udoh",2010,58,17.8,4.1,1.7,3.8,43.7,0,0,0,0.7,1.1,65.6,1.4,1.7,3.1,0.7,0.4,1.5,0.8,5,0
"204","Ricky Berry",1988,64,22,11,4,8.9,45,1,2.5,40.6,2,2.6,78.9,0.9,2.2,3.1,1.3,0.6,0.3,1.3,1,0
"205","Lou Roe",1995,49,7.6,1.8,0.7,1.8,35.6,0,0.2,22.2,0.5,0.7,75,0.6,1,1.6,0.3,0.2,0.2,0.3,2,0
"206","Chuck Aleksinas",1984,74,15.1,5.1,2.2,4.6,47.8,0,0,0,0.7,1,73.3,1.2,2.5,3.6,0.5,0.2,0.2,1,1,0
"207","Jerome Lane",1988,54,10.2,4.8,2,4.7,42.6,0,0.1,0,0.8,2.1,38.4,1.6,2.1,3.7,1.1,0.4,0.1,0.9,5,0
"208","Garry Witts",1981,46,10.7,2.9,1.1,1.8,58.3,0,0,50,0.7,0.9,82.5,0.6,0.7,1.3,0.8,0.4,0.1,0.8,1,0
"209","Marcus Landry",2009,18,6.2,2.4,0.9,2.4,37.2,0.5,1.6,32.1,0.2,0.3,60,0.3,0.8,1.1,0,0.1,0.1,0.3,1,0
"210","Jim Brogan",1981,63,16.3,6.3,2.6,5.8,45.3,0.1,0.5,28.1,1,1.3,72.6,1,0.9,1.9,2.5,0.8,0.2,1.3,2,0
"211","Brooks Thompson",1994,38,6.5,3.1,1.2,3,39.5,0.5,1.5,31,0.2,0.3,66.7,0.2,0.4,0.6,1.1,0.3,0.1,0.7,4,0
"212","Tate George",1990,56,10.6,3.4,1.4,3.4,41.5,0,0,0,0.6,0.7,80,0.3,0.5,0.8,1.9,0.5,0.1,0.8,4,0
"213","Loren Meyer",1995,72,17.6,5,2,4.6,43.9,0,0.2,27.3,1,1.4,68.6,1.6,2.8,4.4,0.8,0.3,0.4,0.9,3,0
"214","Kevin Loder",1981,71,16,6.9,2.9,6.3,46.4,0,0.2,0,1.1,1.5,72,1,1.8,2.7,1.2,0.5,0.4,1,3,0
"215","Steve Burtt",1984,47,8.9,4.2,1.5,4,38.3,0,0,0,1.1,1.6,68.8,0.2,0.4,0.6,0.4,0.5,0.1,0.7,4,0
"216","Paul McPherson",2000,55,10.8,4.8,2,3.9,50.5,0,0.2,16.7,0.8,1.1,72.4,0.7,0.7,1.4,0.7,0.5,0.1,0.8,1,0
"217","Kenny Williams",1990,75,7,2.9,1.2,2.4,52,0,0,0,0.5,0.7,68,0.7,1,1.7,0.4,0.1,0.4,0.6,4,0
"218","Mark Davis",1988,33,7.8,3.8,1.5,3.1,48,0,0.3,10,0.8,1,82.4,0.5,0.6,1.1,0.4,0.4,0.1,0.4,1,0
"219","Walter Bond",1992,74,21.3,8,3.1,7.6,40.2,0.1,0.6,16.7,1.7,2.3,77.2,0.7,1.9,2.6,1.6,1,0.2,1.5,3,0
"220","Derrick Alston",1994,64,16.1,4.7,1.9,4,46.5,0,0.1,0,0.9,1.9,49.2,1.5,1.9,3.4,0.5,0.6,0.6,0.8,3,0
"221","Stephen Thompson",1991,19,4.8,1.6,0.7,1.9,37.8,0,0.1,0,0.2,0.4,37.5,0.6,0.4,1,0.4,0.3,0.2,0.3,1,0
"222","Dane Suttle",1983,40,11.7,6.5,2.7,5.4,50.9,0,0.1,0,1,1.2,85.1,0.5,0.6,1.2,1.2,0.5,0,0.8,2,0
"223","Byron Houston",1992,79,16.1,5.3,1.8,4.1,44.6,0,0.1,28.6,1.6,2.5,66.5,1.5,2.5,4,0.9,0.6,0.5,1.1,4,0
"224","Howard Wood",1981,42,8.1,3.4,1.3,2.9,45.8,0,0,0,0.8,1.2,65.4,0.5,1,1.5,0.2,0.2,0.1,0.4,1,0
"225","Armon Johnson",2010,38,7.3,2.9,1.2,2.7,45.5,0.1,0.3,41.7,0.3,0.6,59.1,0.3,0.7,0.9,1.2,0.1,0,1,2,0
"226","Rickey Brown",1980,45,12.9,4,1.8,3.6,51.2,0,0,0,0.4,0.5,76.2,1.2,2.5,3.7,0.5,0.2,0.3,0.7,5,0
"227","Allan Ray",2006,47,15.1,6.2,2.1,5.5,38.6,1,2.5,41.4,0.9,1.2,76.4,0.4,1.1,1.5,0.9,0.4,0.1,0.9,1,0
"228","Eddie Griffin",2001,73,26,8.8,3.3,9.1,36.6,1.2,3.7,33,0.9,1.2,74.4,1.6,4.1,5.7,0.7,0.2,1.8,0.6,5,0
"229","Russ Schoene",1982,77,15.9,6.2,2.7,5.6,47.6,0,0.1,25,0.8,1.1,73.5,1.2,2.1,3.3,0.8,0.3,0.3,1.1,4,0
"230","Larry Sanders",2010,60,14.5,4.3,1.9,4.5,43.3,0,0,0,0.5,0.8,56,1,2,3,0.3,0.4,1.2,0.6,5,0
"231","Elmore Spencer",1992,44,6.4,2.4,1,1.9,53.7,0,0,0,0.4,0.7,50,0.4,1,1.4,0.2,0.2,0.4,0.6,5,0
"232","Priest Lauderdale",1996,35,5.1,3.2,1.4,2.5,55.1,0,0,0,0.4,0.7,56.5,0.5,0.8,1.2,0.3,0,0.3,1.1,2,0
"233","Jackson Vroman",2004,46,15.3,4.6,1.8,4.3,41.2,0,0.1,0,1,1.6,64,1.4,2.4,3.8,0.9,0.5,0.4,1.4,2,0
"234","Lawrence Moten",1995,44,13,6.6,2.5,5.6,45.3,0.4,1.3,32.7,1.1,1.7,65.3,0.8,0.6,1.4,1.1,0.7,0.2,1,3,0
"235","Ben Coleman",1986,68,15.1,6.6,2.7,4.6,58.1,0,0,0,1.3,1.8,72.7,1.5,2.8,4.2,0.5,0.5,0.5,1.4,5,0
"236","Lazar Hayward",2010,42,10,3.8,1.3,3.7,35.7,0.4,1.4,28.3,0.8,1,78.6,0.5,1.1,1.7,0.7,0.3,0.2,0.5,3,0
"237","Jamario Moon",2007,78,27.8,8.5,3.6,7.4,48.5,0.5,1.6,32.8,0.8,1.1,74.1,1.2,5,6.2,1.2,1,1.4,0.7,5,0
"238","Linton Townes",1982,55,9.4,4.5,1.9,4.3,44.9,0.2,0.5,36,0.5,0.7,73.7,0.5,0.6,1.2,0.6,0.3,0.1,0.6,3,0
"239","B.J. Tyler",1994,55,14.7,3.5,1.3,3.4,38.1,0.3,0.9,31.4,0.6,0.9,70,0.2,0.9,1.1,3.2,0.7,0,1.8,1,0
"240","Brandon Armstrong",2001,35,5.6,1.8,0.8,2.4,31.8,0.1,0.5,29.4,0.1,0.3,50,0.3,0.2,0.5,0.2,0.2,0,0.2,3,0
"241","Rob Williams",1982,74,19.5,7,2.6,6.3,40.8,0,0.2,13.3,1.8,2.4,75.3,0.5,1.3,1.8,4.9,1.2,0.2,2.5,2,0
"242","Chris Garner",1997,38,7.7,1.4,0.6,1.8,32.9,0.1,0.4,28.6,0.1,0.2,42.9,0.2,0.4,0.6,1.2,0.6,0.1,0.7,2,0
"243","Salim Stoudamire",2005,61,20.3,9.7,3.3,8.1,41.5,1.3,3.5,38,1.6,1.8,90,0.2,1.7,1.9,1.2,0.4,0.1,1.3,3,0
"244","Bobby Cattage",1981,49,6.9,3.1,1.2,2.8,44.4,0,0,0,0.6,0.8,73.2,0.4,1,1.5,0.1,0.1,0,0.4,2,0
"245","Walker Russell",1982,68,11.1,2.7,1,2.7,36.4,0,0.3,11.1,0.7,0.9,81,0.3,0.8,1.1,1.9,0.2,0,1.4,1,0
"246","Harold Ellis",1993,49,18.8,8.7,3.2,6,54.5,0,0.1,0,2.2,3,71.1,1.9,1.2,3.1,0.6,1.5,0,0.9,3,0
"247","Alex Bradley",1981,39,8.5,3.5,1.4,2.6,52.4,0,0,0,0.7,1.2,60.4,0.8,0.9,1.7,0.3,0.3,0.1,0.7,1,0
"248","Derrick Chievous",1988,81,19,9.3,3.4,7.8,43.7,0.1,0.3,20.8,2.4,3,78.3,1.4,1.8,3.2,1,0.6,0.1,1.7,3,0
"249","Jim Thomas",1983,72,16.9,6.3,2.6,5.6,46.4,0,0.2,9.1,1.1,1.5,72.7,0.8,1.3,2.1,1.8,0.8,0.1,1,4,0
"250","Alec Burks",2011,59,15.9,7.2,2.6,6.1,42.9,0.3,0.8,33.3,1.8,2.4,72.7,1,1.3,2.2,0.9,0.5,0.1,0.9,5,0
"251","Sean Green",1991,35,7.3,4,1.8,4.5,39.2,0.1,0.3,20,0.4,0.8,53.6,0.6,0.6,1.2,0.6,0.4,0.2,0.8,3,0
"252","Donell Taylor",2005,51,9.1,2.7,1,2.7,39,0.1,0.3,23.5,0.6,0.8,69.8,0.3,0.7,1,0.9,0.6,0.1,0.7,2,0
"253","J.R. Bremer",2002,64,23.5,8.3,2.7,7.3,36.9,1.6,4.5,35.3,1.3,1.7,76.6,0.3,2,2.3,2.6,0.6,0.1,0.9,2,0
"254","James Wilkes",1980,48,11.3,4.1,1.8,3.8,46.2,0,0,0,0.6,0.9,69,0.8,1.3,2,0.6,0.5,0.3,0.7,3,0
"255","Sean Singletary",2008,37,8.2,2.4,0.8,2.3,36.5,0.3,0.7,40,0.5,0.6,85.7,0.3,0.7,0.9,0.8,0.3,0,0.6,1,0
"256","Mike Morrison",1989,36,4.3,2,0.6,1.9,33.8,0.1,0.2,28.6,0.7,0.8,80,0.2,0.4,0.6,0.3,0.1,0,0.6,1,0
"257","Jordan Hamilton",2011,26,9.9,4.4,1.8,4.3,43.2,0.7,1.8,36.2,0.1,0.2,40,0.4,2,2.4,0.8,0.1,0.1,0.6,5,0
"258","Ben Uzoh",2010,42,10.4,3.8,1.5,3.4,42.4,0.1,0.2,37.5,0.8,1.3,58.9,0.7,0.7,1.5,1.6,0.3,0.2,0.6,2,0
"259","Reece Gaines",2003,38,9.6,1.8,0.7,2.3,29.1,0.1,0.3,30,0.4,0.7,64,0.2,0.8,1,1.1,0.3,0.1,0.5,3,0
"260","Mike Penberthy",2000,53,16.1,5,1.7,4.2,41.4,1,2.6,39.6,0.5,0.6,90.3,0.2,1,1.2,1.3,0.4,0,0.6,2,0
"261","Marcus Williams",2006,79,16.6,6.8,2.6,6.7,39.5,0.6,2.1,28.2,0.9,1.1,84.7,0.4,1.7,2.1,3.3,0.4,0,1.8,4,0
"262","Chris Washburn",1986,35,11,3.8,1.6,4.1,39.3,0,0,0,0.5,1.5,35.3,1,1.9,2.9,0.5,0.2,0.2,1.1,2,0
"263","Charles Thomas",1991,36,4.3,1.3,0.5,1.4,35.3,0.1,0.5,11.8,0.3,0.4,66.7,0.2,0.4,0.6,0.6,0.1,0,0.5,1,0
"264","Mark Randall",1991,54,8.2,3.2,1.3,2.8,45.6,0.1,0.3,18.8,0.6,0.8,74.4,0.7,0.6,1.3,0.6,0.2,0.1,0.5,4,0
"265","Quincy Lewis",1999,74,12.1,3.8,1.5,4,37.2,0.3,0.9,36.5,0.5,0.7,73.1,0.6,0.9,1.5,0.5,0.3,0.2,0.6,4,0
"266","Demetris Nichols",2007,14,3.1,1.1,0.4,1.6,26.1,0.2,0.9,23.1,0,0,0,0,0.4,0.4,0.1,0,0.2,0.3,2,0
"267","Ray Blume",1981,49,11.1,4.6,2.1,4.5,45.9,0.1,0.4,22.2,0.4,0.6,64.3,0.3,0.6,0.8,1.4,0.5,0,1.1,1,0
"268","Anthony Cook",1990,58,19.3,5.3,2,4.9,41.7,0,0.1,0,1.2,2.2,55,2.3,3.3,5.6,0.4,0.6,1.2,0.9,4,0
"269","Eric Maynor",2009,81,15.7,4.7,1.9,4.5,41.8,0.3,0.9,31,0.6,0.9,72.2,0.3,1.3,1.6,3.3,0.5,0.1,1.1,5,0
"270","Terrence Williams",2009,78,22.6,8.4,3.3,8.3,40.1,0.4,1.3,31,1.3,1.8,71.5,0.6,3.9,4.5,2.9,0.6,0.1,1.6,4,0
"271","Johnny Rogers",1986,45,10.4,4.2,2,4.1,48.6,0,0.1,0,0.2,0.3,60,0.7,1,1.7,0.6,0.2,0.2,0.4,2,0
"272","Jerrod Mustaf",1990,62,13.3,4.3,1.7,3.7,46.5,0,0,0,0.9,1.4,64.4,0.8,1.9,2.7,0.6,0.2,0.2,1,4,0
"273","Anthony Frederick",1988,46,6.8,3.3,1.4,2.7,50.4,0,0.1,40,0.5,0.7,70.6,0.6,0.6,1.1,0.4,0.3,0.1,0.7,3,0
"274","Victor Alexander",1991,80,16.9,7.4,3,5.7,52.9,0,0,0,1.3,1.9,69.1,1.3,2.9,4.2,0.4,0.6,0.8,1.1,5,0
"275","Kevin Lynch",1991,55,14.9,4.1,1.7,4.1,41.7,0.1,0.1,37.5,0.6,0.8,76.1,0.5,1,1.5,1.5,0.7,0.2,0.8,2,0
"276","Rick Carlisle",1984,38,4.7,1.8,0.7,1.8,38.8,0,0.1,0,0.4,0.4,88.2,0.2,0.3,0.6,0.7,0.1,0,0.5,5,0
"277","Lorenzo Romar",1980,53,13.7,4.1,1.6,4,41.2,0,0.1,33.3,0.8,1.2,68.3,0.2,0.9,1.1,2.6,0.5,0.1,1,5,0
"278","Lancaster Gordon",1984,63,10.8,4.1,1.7,4.6,38.3,0,0.1,22.2,0.6,0.8,75.5,0.4,0.6,1,1.4,0.5,0.1,1.1,4,0
"279","Ray Owes",1996,57,10.4,3.1,1.3,3.2,41.7,0,0.1,20,0.5,0.8,56.5,1.1,1.7,2.9,0.3,0.3,0.3,0.4,1,0
"280","Sylvester Gray",1988,55,22.2,8,3,7.2,42,0,0.1,25,1.9,2.8,67.3,2.1,3.1,5.2,2.1,0.7,0.5,1.9,1,0
"281","Jeremy Pargo",2011,44,9.6,2.9,1.1,3.4,33.3,0.2,0.9,26.3,0.4,0.6,59.3,0.3,0.6,0.8,1.3,0.3,0,1.1,2,0
"282","Othell Wilson",1984,74,17,4.4,1.8,3.9,46,0,0.2,18.8,0.7,1,71.1,0.5,1.3,1.8,2.9,1,0.2,1.3,2,0
"283","Charles Smith",1997,34,8.6,3.5,1.4,3.7,39.2,0.4,1.4,31.9,0.2,0.3,54.5,0.4,0.4,0.8,0.6,0.3,0.2,0.8,5,0
"284","Conner Henry",1986,54,6,2.3,0.9,2.5,33.8,0.2,0.8,31,0.3,0.5,63,0.1,0.5,0.6,0.6,0.2,0,0.5,2,0
"285","Harold Pressley",1986,67,13.6,4.6,2,4.7,42.3,0.1,0.4,25,0.5,0.7,72.9,1,1.6,2.6,1.8,0.6,0.3,0.9,4,0
"286","Rory White",1982,65,9.6,5,2,3.6,54.3,0,0,0,1.1,1.7,64.2,0.7,0.9,1.6,0.5,0.3,0,0.8,5,0
"287","Dirk Minniefield",1985,76,14.9,5.5,2.2,4.6,48.1,0.1,0.5,27,1,1.2,78.5,0.6,1.2,1.7,3.5,0.9,0,1.4,3,0
"288","Cory Carr",1998,42,14.9,4.1,1.7,5.1,32.9,0.1,0.7,16.7,0.6,0.8,75,0.2,1,1.2,1.6,0.5,0.2,1.1,1,0
"289","Chris Robinson",1996,41,16.6,4.6,1.7,4.4,37.9,0.8,2.2,38.2,0.4,0.6,61.5,0.6,1.2,1.7,1.6,0.7,0.2,0.8,2,0
"290","Alfredrick Hughes",1985,68,12.7,5.2,2.2,5.5,40.9,0,0.3,17.6,0.7,1.2,58.3,0.7,0.9,1.7,0.9,0.4,0.1,0.9,1,0
"291","Grant Gondrezick",1986,64,13.1,5.5,2.1,4.7,45,0.1,0.3,23.5,1.2,1.7,70.1,0.7,1,1.7,1.3,0.4,0.1,0.9,2,0
"292","Eric Washington",1997,66,23.3,7.7,3,7.5,40.4,0.7,2.1,32.1,1,1.3,78.3,0.7,1.2,1.9,1.2,0.8,0.4,1.1,2,0
"293","Chris Jefferies",2002,51,13.1,3.9,1.5,3.8,38.7,0.4,1.1,33.3,0.6,0.8,67.4,0.3,0.8,1.2,0.4,0.4,0.3,0.9,2,0
"294","Rodrick Rhodes",1997,58,18.4,5.8,1.9,5.3,36.7,0,0.1,25,1.9,3.1,61.7,0.5,0.7,1.2,1.9,1.1,0.2,1.7,3,0
"295","Eric Johnson",1989,48,5.7,1.1,0.4,1.8,23.8,0,0.1,16.7,0.3,0.4,76.5,0.2,0.4,0.6,1.3,0.3,0,0.5,1,0
"296","Rashad McCants",2005,79,17.2,7.9,3.1,6.8,45,0.8,2.3,37.2,1,1.3,73.6,0.4,1.4,1.8,0.8,0.6,0.3,1.1,4,0
"297","Michael Dickerson",1998,50,31.2,10.9,4.3,9.2,46.5,1.4,3.3,43.3,0.9,1.4,63.9,0.5,1.1,1.7,1.9,0.5,0.2,1.3,5,0
"298","Keith Closs",1997,58,12.8,4,1.6,3.6,44.9,0,0,0,0.8,1.3,59.7,1.1,1.8,2.9,0.3,0.2,1.4,0.7,3,0
"299","Sidney Lowe",1983,78,15.9,4.2,1.4,3.3,41.3,0,0.2,11.1,1.4,1.8,77.7,0.4,1.2,1.6,3.4,1.2,0.1,1.4,4,0
"300","Dave Feitl",1986,62,8,3.7,1.4,3.3,43.6,0,0,0,0.9,1.1,74.6,0.6,1.3,1.9,0.4,0.1,0.1,0.6,5,0
"301","Maurice Taylor",1997,71,21.3,11.5,4.5,9.5,47.6,0,0,0,2.4,3.4,70.9,1.7,2.5,4.2,0.7,0.5,0.6,1.5,9,1
"302","Jameer Nelson",2004,79,20.4,8.7,3.6,7.9,45.5,0.6,1.8,31.2,0.9,1.4,68.2,0.7,1.8,2.4,3,1,0,1.5,13,1
"303","Marc Iavaroni",1982,80,20.2,5.1,2,4.4,46.2,0,0,0,1,1.4,69,1.5,2.7,4.1,1,0.4,0.6,1.7,7,1
"304","Lee Nailon",2000,42,11.2,3.9,1.6,3.2,48.5,0,0,0,0.8,1,74.4,0.7,1.5,2.2,0.6,0.2,0.1,0.6,6,1
"305","Brad Sellers",1986,80,21.9,8.5,3.5,7.6,45.5,0,0.1,20,1.6,2.2,72.8,1.9,2.7,4.7,1.3,0.6,0.8,1.1,6,1
"306","Trevor Ariza",2004,80,17.3,5.9,2.2,4.9,44.2,0,0.2,23.1,1.5,2.2,69.5,1.1,1.9,3,1.1,0.9,0.2,0.9,13,1
"307","Chandler Parsons",2011,63,28.6,9.5,3.9,8.7,45.2,1,2.8,33.7,0.7,1.2,55.1,1.4,3.3,4.8,2.1,1.2,0.5,1.3,6,1
"308","Tyreke Evans",2009,72,37.2,20.1,7.4,16.2,45.8,0.5,2,25.5,4.8,6.5,74.8,0.9,4.4,5.3,5.8,1.5,0.4,3,8,1
"309","Delonte West",2004,39,13,4.5,1.7,4,42.6,0.6,1.7,35.8,0.5,0.7,70.4,0.4,1.3,1.7,1.4,0.5,0.2,0.6,8,1
"310","Tony Delk",1996,61,14.2,5.4,2,4.2,46.5,0.9,1.8,46.4,0.7,0.8,82.4,0.5,1.1,1.6,1.6,0.6,0.1,1.1,10,1
"311","Taj Gibson",2009,82,26.9,9,3.8,7.7,49.4,0,0,0,1.4,2.1,64.6,2.8,4.7,7.5,0.9,0.6,1.3,1.4,8,1
"312","Chris Paul",2005,78,36,16.1,5.2,12.1,43,0.6,2.3,28.2,5.1,6,84.7,0.8,4.3,5.1,7.8,2.2,0.1,2.4,12,1
"313","Joakim Noah",2007,74,20.7,6.6,2.4,5,48.2,0,0,0,1.8,2.6,69.1,2.4,3.3,5.6,1.1,0.9,0.9,1.2,10,1
"314","Darren Collison",2009,76,27.8,12.4,4.9,10.4,47.7,0.6,1.5,40,1.9,2.3,85.1,0.5,2,2.5,5.7,1,0.1,2.7,8,1
"315","Kenny Walker",1986,68,25.3,10.4,4.2,8.5,49.1,0,0.1,0,2.1,2.7,75.7,1.7,3.2,5,1.1,0.7,0.7,1.1,7,1
"316","Dante Cunningham",2009,63,11.2,3.9,1.7,3.4,49.5,0,0,0,0.5,0.8,64.6,0.9,1.7,2.5,0.2,0.4,0.3,0.2,8,1
"317","Dale Ellis",1983,67,15.8,8.2,3.4,7.4,45.6,0.2,0.4,41.4,1.3,1.8,71.9,1.6,2.1,3.7,0.8,0.6,0.1,1.2,17,1
"318","Caron Butler",2002,78,36.6,15.4,5.5,13.2,41.6,0.4,1.4,31.8,4,4.8,82.4,1.7,3.4,5.1,2.7,1.8,0.4,2.5,14,1
"319","Mark Price",1986,67,18.2,6.9,2.6,6.3,40.8,0.3,1,32.9,1.4,1.7,83.3,0.5,1.3,1.7,3,0.6,0.1,1.6,12,1
"320","Steve Novak",2006,35,5.5,1.5,0.5,1.4,36,0.4,1.1,33.3,0.1,0.1,100,0.1,0.6,0.7,0.2,0.1,0,0.1,11,1
"321","Danny Ferry",1990,81,20.5,8.6,3.4,7.9,42.8,0.3,1,29.9,1.5,1.9,81.6,1.2,2.3,3.5,1.8,0.5,0.3,1.5,13,1
"322","Gary Neal",2010,80,21.1,9.8,3.6,7.9,45.1,1.6,3.9,41.9,1.1,1.3,80.8,0.3,2.2,2.5,1.2,0.3,0.1,1,6,1
"323","Steve Francis",1999,77,36.1,18,6.5,14.5,44.5,1.4,4,34.5,3.7,4.7,78.6,2,3.3,5.3,6.6,1.5,0.4,4,9,1
"324","George McCloud",1989,44,9.4,2.7,1,3.3,31.3,0.3,0.9,32.5,0.3,0.4,78.9,0.3,0.7,1,1,0.4,0.1,0.8,12,1
"325","Tony Smith",1990,64,10.9,3.7,1.5,3.4,44.1,0,0.1,0,0.6,0.9,70.2,0.4,0.7,1.1,2.1,0.4,0.2,1.1,9,1
"326","Troy Murphy",2001,82,17.7,5.9,2.2,5.2,42.1,0,0.1,33.3,1.5,1.9,77.6,1.2,2.7,3.9,0.9,0.4,0.3,1,12,1
"327","Kendall Gill",1990,82,23.7,11,4.6,10.2,45,0,0.2,14.3,1.9,2.2,83.5,1.3,1.9,3.2,3.7,1.3,0.5,2,15,1
"328","Horace Grant",1987,81,22.6,7.7,3.1,6.3,50.1,0,0,0,1.4,2.2,62.6,1.9,3.6,5.5,1.1,0.6,0.7,1.1,17,1
"329","Solomon Jones",2006,58,11.5,3.3,1.1,2.2,50.8,0,0,0,1,1.3,78.7,0.8,1.5,2.3,0.2,0.2,0.7,0.4,8,1
"330","Rod Higgins",1982,82,26.8,10.3,3.8,8.5,44.8,0.2,0.5,31.7,2.5,3.2,79.2,1.9,2.5,4.5,2.1,0.8,0.8,1.6,13,1
"331","Blake Griffin",2010,82,38,22.5,8.5,16.8,50.6,0.1,0.3,29.2,5.4,8.5,64.2,3.3,8.8,12.1,3.8,0.8,0.6,2.7,7,1
"332","Shelvin Mack",2011,64,12.2,3.6,1.4,3.4,40,0.2,0.7,28.6,0.7,0.9,71.2,0.2,1.3,1.4,2,0.4,0,0.8,6,1
"333","Channing Frye",2005,65,24.2,12.3,4.7,9.8,47.7,0,0.1,33.3,2.9,3.5,82.5,2.1,3.6,5.8,0.8,0.5,0.7,1.5,11,1
"334","Glenn Robinson",1994,80,37,21.9,8,17.6,45.1,1.1,3.4,32.1,5,6.2,79.6,2.1,4.3,6.4,2.5,1.4,0.3,3.9,11,1
"335","Michael Finley",1995,82,39.2,15,5.7,11.9,47.6,0.7,2.3,32.8,3,3.9,74.9,1.7,2.9,4.6,3.5,1,0.4,1.6,15,1
"336","Danny Ainge",1981,53,10.6,4.1,1.5,4.2,35.7,0.1,0.3,29.4,1.1,1.2,86.2,0.5,0.6,1.1,1.6,0.7,0.1,1,14,1
"337","Roy Tarpley",1986,75,18.7,7.5,3.1,6.7,46.7,0,0,33.3,1.3,1.9,67.6,2.4,4.7,7.1,0.7,0.8,1.1,1.4,6,1
"338","Stanley Roberts",1991,55,20.3,10.4,4.3,8.1,52.9,0,0,0,1.8,3.6,51.5,2.1,4.1,6.1,0.7,0.4,1.5,1.4,8,1
"339","Cedric Ceballos",1990,63,11.6,8.2,3.2,6.7,48.7,0,0.1,16.7,1.7,2.6,66.3,1.2,1.2,2.4,0.6,0.3,0.1,1.1,11,1
"340","Eric Leckner",1988,75,10.4,4.3,1.6,2.9,54.5,0,0,0,1.1,1.5,69.9,0.6,2,2.7,0.2,0.1,0.3,0.9,8,1
"341","Paul Pressey",1982,79,19.3,6.7,2.7,5.9,45.7,0,0.1,11.1,1.3,2.2,59.7,1.1,2.5,3.6,2.6,1.3,0.6,2,11,1
"342","Devin Harris",2004,76,15.4,5.7,2.1,4.8,42.9,0.6,1.7,33.6,1,1.4,75.7,0.4,1,1.3,2.2,1,0.3,1.1,13,1
"343","Muggsy Bogues",1987,79,20.6,5,2.1,5.4,39,0,0.2,18.8,0.7,0.9,78.4,0.4,1.3,1.7,5.1,1.6,0,1.3,14,1
"344","Derrick McKey",1987,82,20.8,8.5,3.1,6.3,49.1,0.1,0.4,36.7,2.1,2.7,77.2,1.4,2.6,4,1.3,0.8,0.8,1.3,15,1
"345","Jrue Holiday",2009,73,24.2,8,3.2,7.1,44.2,0.8,2.2,39,0.9,1.2,75.6,0.8,1.8,2.6,3.8,1.1,0.3,2.1,8,1
"346","Mark Aguirre",1981,51,28.8,18.7,7.5,16.1,46.5,0.5,1.4,35.2,3.3,4.8,68,1.7,3.1,4.9,3.2,0.7,0.4,2.6,13,1
"347","Jon Leuer",2011,46,12.1,4.7,2.1,4.2,50.8,0.1,0.2,33.3,0.5,0.6,75,1,1.6,2.6,0.5,0.3,0.4,0.4,6,1
"348","Calbert Cheaney",1993,65,24.7,12,5,10.7,47,0,0.4,4.3,1.9,2.5,77,1.4,1.6,2.9,1.9,1,0.1,1.7,13,1
"349","Paul George",2010,61,20.7,7.8,2.9,6.5,45.3,0.7,2.3,29.7,1.3,1.7,76.2,0.6,3.1,3.7,1.1,1,0.4,1.1,7,1
"350","Donyell Marshall",1994,72,29,12.6,4.8,12.2,39.4,1,3.4,28.4,2,3.1,66.2,1.9,3.7,5.6,1.5,0.6,1.2,1.6,15,1
"351","Jerome Kersey",1984,77,12.4,6.1,2.3,4.8,47.8,0,0,0,1.5,2.4,64.6,1.2,1.4,2.7,0.8,0.6,0.4,0.9,17,1
"352","Jason Caffey",1995,57,9.6,3.2,1.2,2.8,43.8,0,0,0,0.7,1.2,58.8,0.9,1.1,1.9,0.4,0.2,0.1,0.8,8,1
"353","Antonio McDyess",1995,76,30,13.4,5.6,11.6,48.5,0,0.1,0,2.2,3.2,68.3,3,4.5,7.5,1,0.7,1.5,2,15,1
"354","Quinton Ross",2004,78,21.3,5.1,2.1,4.8,43.2,0,0.1,25,0.9,1.4,67.3,0.8,1.9,2.7,1.4,0.7,0.3,0.7,7,1
"355","Glen Rice",1989,77,30,13.6,6.1,13.9,43.9,0.2,0.9,24.6,1.2,1.6,73.4,1.3,3.3,4.6,1.8,0.9,0.3,1.5,15,1
"356","Chris Carr",1995,60,9.8,4,1.5,3.6,41.5,0.2,0.7,26.2,0.8,1,81.7,0.5,1.3,1.7,0.7,0.2,0.1,0.7,6,1
"357","Roy Hibbert",2008,70,14.4,7.1,2.8,6,47.1,0,0,0,1.4,2.1,66.7,1.6,1.8,3.5,0.7,0.3,1.1,0.8,9,1
"358","Chase Budinger",2009,74,20.1,8.9,3.4,7.6,44.1,1.2,3.4,36.9,0.9,1.2,77,0.5,2.5,3,1.2,0.5,0.1,0.7,7,1
"359","Devean George",1999,49,7,3.2,1.1,2.9,38.9,0.3,1,34,0.6,0.8,65.9,0.6,0.9,1.5,0.2,0.2,0.1,0.4,11,1
"360","Henry James",1990,37,13.6,8.1,3,6.9,44.1,0.6,1.6,40,1.4,1.9,72.2,0.7,1.4,2.1,0.9,0.4,0.1,1,7,1
"361","Terry Teagle",1982,73,23.4,10.4,4.5,10.6,42.8,0.1,0.4,34.5,1.2,1.7,69.6,1,1.6,2.7,2.1,0.7,0.3,1.9,11,1
"362","Kelvin Ransey",1980,80,30.4,15.2,6.6,14.5,45.2,0,0.4,9.7,2.1,2.7,74.9,0.5,1.9,2.4,6.9,1.1,0.1,2.9,6,1
"363","Thaddeus Young",2007,74,21,8.2,3.6,6.6,53.9,0.1,0.3,31.6,1,1.4,73.8,1.6,2.6,4.2,0.8,1,0.1,0.9,10,1
"364","Charles Shackleford",1988,60,8.1,3.1,1.4,2.8,49.4,0,0,0,0.4,0.7,50,0.8,1.7,2.6,0.4,0.3,0.3,0.5,6,1
"365","Blue Edwards",1989,82,23,8.9,3.5,6.9,50.7,0.1,0.4,30,1.8,2.5,71.9,0.8,2.2,3.1,1.8,0.9,0.4,1.9,10,1
"366","Chris Gatling",1991,54,11.3,5.7,2.2,3.8,56.8,0,0.1,0,1.3,2,66.1,1.4,2,3.4,0.3,0.6,0.7,0.8,11,1
"367","Eric Gordon",2008,78,34.3,16.1,5.3,11.6,45.6,1.7,4.3,38.9,3.8,4.5,85.4,0.6,2,2.6,2.8,1,0.5,2.1,9,1
"368","Chauncey Billups",1997,80,27.7,11.2,3.5,9.4,37.4,1.3,4.1,32.9,2.8,3.3,85,0.8,1.6,2.4,3.9,1.3,0.1,2.2,17,1
"369","Terry Davis",1989,63,14,4.7,1.9,4.2,46.6,0,0,0,0.9,1.4,62.1,1.5,2.2,3.6,0.4,0.4,0.4,1.1,10,1
"370","Spud Webb",1985,79,15.6,7.8,2.5,5.2,48.3,0,0.1,18.2,2.7,3.5,78.5,0.3,1.2,1.6,4.3,1,0.1,2,12,1
"371","Erick Dampier",1996,72,14.6,5.1,1.8,4.7,39,0,0,100,1.5,2.3,63.7,1.3,2.8,4.1,0.6,0.3,1,1.2,16,1
"372","Adrian Griffin",1999,72,26.8,6.7,2.4,5.7,42.4,0.2,0.8,28.1,1.7,2.2,75.3,1.8,3.4,5.2,2.5,1.6,0.2,1.3,9,1
"373","Joe Wolf",1987,42,27.1,7.6,3.2,8,40.7,0.1,0.4,20,1.1,1.3,83.3,1.2,3.2,4.5,2.3,0.9,0.4,1.8,11,1
"374","Gerald Wilkins",1985,81,25,12.5,5.4,11.5,46.8,0.1,0.3,28,1.6,2.9,55.7,1.1,1.4,2.6,2,0.8,0.1,1.9,13,1
"375","Pooh Richardson",1989,82,31.5,11.4,5.2,11.3,46.1,0.3,1,27.7,0.8,1.3,58.9,0.7,2,2.6,6.8,1.6,0.3,1.7,10,1
"376","Benoit Benjamin",1985,79,26.4,11.1,4.1,8.4,49,0,0,33.3,2.9,3.9,74.6,2,5.6,7.6,1,0.8,2.6,1.8,15,1
"377","Brian Cook",2003,35,12.6,4.4,1.9,4,47.5,0,0.1,0,0.6,0.8,75,0.9,2,2.9,0.6,0.5,0.5,0.5,9,1
"378","Kenny Anderson",1991,64,17,7,2.9,7.5,39,0,0.2,23.1,1.1,1.5,74.5,0.6,1.4,2,3.2,1.1,0.1,1.5,14,1
"379","Jason Williams",1998,50,36.1,12.8,4.6,12.3,37.4,2,6.5,31,1.6,2.1,75.2,0.3,2.8,3.1,6,1.9,0,2.9,12,1
"380","Al-Farouq Aminu",2010,81,17.9,5.6,2,5,39.4,0.6,1.8,31.5,1.1,1.5,77.3,0.9,2.4,3.3,0.7,0.7,0.3,1.3,7,1
"381","Lamond Murray",1994,81,31.6,14.1,5.4,13.5,40.2,0.8,2.7,29.8,2.5,3.3,75.4,1.6,2.7,4.4,1.6,0.9,0.7,2,11,1
"382","Shareef Abdur-Rahim",1996,80,35,18.7,6.9,15.2,45.3,0.1,0.3,25.9,4.8,6.5,74.6,2.7,4.2,6.9,2.2,1,1,2.8,12,1
"383","Jarron Collins",2001,70,20.6,6.4,2.3,4.9,46.1,0,0,0,1.9,2.6,74,2,2.3,4.2,0.8,0.4,0.3,0.8,10,1
"384","Rudy Gay",2006,78,27,10.8,4.1,9.7,42.2,0.7,1.8,36.4,1.9,2.7,72.7,1.2,3.3,4.5,1.3,0.9,0.9,1.8,11,1
"385","Corey Brewer",2007,79,22.8,5.8,2.3,6.2,37.4,0.1,0.5,19.4,1.1,1.4,80,1,2.7,3.7,1.4,1,0.3,1.1,10,1
"386","Mitchell Butler",1993,75,17.6,6.9,2.8,5.6,49.5,0,0.1,0,1.4,2.4,57.8,1.4,1.6,3,1,0.7,0.3,1.2,8,1
"387","Tim Hardaway",1989,79,33.7,14.7,5.9,12.5,47.1,0.3,1.1,27.4,2.7,3.5,76.4,0.7,3.2,3.9,8.7,2.1,0.1,3.3,13,1
"388","James Robinson",1993,58,11.6,4.8,1.8,4.9,36.5,0.4,1.3,31.5,0.8,1.2,67.2,0.6,0.8,1.3,1.2,0.5,0.3,0.9,7,1
"389","Mario Elie",1990,33,19.5,7.2,2.4,4.8,49.7,0.1,0.3,40,2.3,2.7,84.3,1.4,1.9,3.3,1.4,0.6,0.3,0.9,11,1
"390","Ray Allen",1996,82,30.9,13.4,4.8,11.1,43,1.4,3.6,39.3,2.5,3,82.3,1.2,2.8,4,2.6,0.9,0.1,1.8,18,1
"391","Lamar Odom",1999,76,36.4,16.6,5.9,13.5,43.8,0.8,2.2,36,4,5.5,71.9,2.1,5.7,7.8,4.2,1.2,1.3,3.4,14,1
"392","Amar'e Stoudemire",2002,82,31.3,13.5,4.8,10.1,47.2,0,0.1,20,3.9,5.9,66.1,3,5.7,8.8,1,0.8,1.1,2.3,14,1
"393","Greg Foster",1990,54,11.2,4.4,1.8,3.9,46,0,0.1,0,0.8,1.1,68.9,1,1.8,2.8,0.7,0.2,0.4,0.8,13,1
"394","Fred Roberts",1983,79,19.4,7.3,2.7,5.1,53.6,0,0.1,25,1.8,2.2,83.7,1.3,2.6,3.8,1.2,0.7,0.5,1.3,13,1
"395","Danny Fortson",1997,80,22.6,10.2,3.5,7.6,45.2,0,0,33.3,3.3,4.2,77.6,2.3,3.3,5.6,1,0.6,0.4,2,10,1
"396","Ron Harper",1986,82,37.4,22.9,9,19.7,45.5,0.2,1.1,21.3,4.7,6.9,68.4,2.1,2.7,4.8,4.8,2.5,1,4.2,15,1
"397","Derrick Rose",2008,81,37,16.8,7.1,14.9,47.5,0.2,0.9,22.2,2.4,3.1,78.8,1.2,2.7,3.9,6.3,0.8,0.2,2.5,8,1
"398","Trevor Booker",2010,65,16.4,5.3,2.1,3.9,54.9,0,0,0,1,1.6,67.3,1.5,2.4,3.9,0.5,0.5,0.7,0.6,7,1
"399","Luke Walton",2003,72,10.1,2.4,0.9,2.1,42.5,0.2,0.5,33.3,0.4,0.6,70.5,0.5,1.2,1.8,1.6,0.4,0.1,0.6,10,1
"400","Larry Krystkowiak",1986,68,14.8,6.6,2.5,5.5,45.6,0,0.2,8.3,1.6,2.2,74.3,1.1,2.4,3.5,1.3,0.3,0.2,1,9,1
"401","Eric Snow",1995,43,9,2.7,1,2.3,42,0,0.2,20,0.7,1.1,59.2,0.2,0.8,1,1.7,0.7,0,0.9,13,1
"402","Larry Johnson",1991,82,37.2,19.2,7.5,15.3,49,0.1,0.3,22.7,4.1,5,82.9,3.9,7,11,3.6,1,0.6,1.9,10,1
"403","Greg Anderson",1987,82,24.2,11.7,4.6,9.2,50.1,0,0.1,20,2.4,4,60.4,2,4.3,6.3,1,0.7,1.5,1.7,10,1
"404","Keon Clark",1998,28,14.6,3.3,1.3,2.9,45,0,0,0,0.8,1.3,56.8,1.3,2.1,3.4,0.4,0.4,1.1,0.8,6,1
"405","Duane Ferrell",1988,41,5.6,2.4,0.9,2,42.2,0,0,0,0.7,1.1,68.2,0.5,0.5,1,0.2,0.2,0.1,0.3,11,1
"406","David Wingate",1986,77,20.9,8.8,3.4,7.8,43,0.2,0.7,25,1.9,2.6,74.1,0.9,1.1,2,2,1.2,0.3,1.7,15,1
"407","Don Reid",1995,69,14.4,3.8,1.5,2.7,56.7,0,0,0,0.7,1.1,66.2,1.1,1.8,2.9,0.2,0.7,0.6,0.6,8,1
"408","Malik Rose",1996,54,9.7,3,1.1,2.4,47.7,0,0,0,0.7,1.1,61.3,1.3,1.7,3,0.6,0.5,0.3,0.8,13,1
"409","Emeka Okafor",2004,73,35.6,15.1,6.1,13.7,44.7,0,0,0,2.9,4.7,60.9,3.8,7.1,10.9,0.9,0.8,1.7,1.7,9,1
"410","Chris Whitney",1993,40,8.5,1.8,0.6,2.1,30.5,0.3,0.8,33.3,0.3,0.4,80,0.1,0.6,0.7,1.3,0.3,0,0.9,11,1
"411","Jason Thompson",2008,82,28.1,11.1,4.3,8.7,49.7,0,0.1,0,2.4,3.5,69.2,2.9,4.5,7.4,1.1,0.6,0.7,1.8,8,1
"412","Lorenzo Williams",1992,27,6.6,1.3,0.6,1.3,47.2,0,0,0,0.1,0.3,28.6,0.6,1.4,2,0.2,0.2,0.6,0.3,7,1
"413","Brandan Wright",2007,38,9.9,4,1.6,2.9,55.4,0,0,0,0.7,1.1,67.5,1,1.6,2.6,0.2,0.2,0.6,0.3,8,1
"414","Gerald Wallace",2001,54,8,3.2,1.4,3.2,42.9,0,0.1,0,0.4,0.9,50,0.9,0.7,1.6,0.5,0.3,0.1,0.4,14,1
"415","Rod Strickland",1988,81,16.8,8.9,3.3,7,46.7,0.2,0.7,32.2,2.1,2.9,74.5,0.6,1.3,2,3.9,1.2,0,1.8,17,1
"416","Joe Kleine",1985,80,14.8,5.2,2,4.3,46.5,0,0,0,1.2,1.6,72.3,1.4,3.3,4.7,0.6,0.3,0.4,1.3,15,1
"417","Tim Thomas",1997,77,23.1,11,4,8.9,44.7,0.8,2.2,36.3,2.2,3,74,1.4,2.4,3.7,1.2,0.7,0.2,1.5,13,1
"418","Linton Johnson",2003,41,17.9,4.2,1.8,5,35.5,0.2,0.8,21.2,0.5,0.9,59.5,1.4,3,4.5,0.7,0.9,0.8,0.9,6,1
"419","John Salley",1986,82,17.8,5.3,2,3.5,56.2,0,0,0,1.3,2.1,61.4,1.3,2.3,3.6,0.7,0.5,1.5,0.9,11,1
"420","Udonis Haslem",2003,75,23.9,7.3,2.7,6,45.9,0,0,0,1.9,2.4,76.5,2.5,3.8,6.3,0.7,0.4,0.3,1,14,1
"421","Jon Barry",1992,47,11.7,4.4,1.6,4.4,36.9,0.4,1.3,33.3,0.7,1,67.3,0.2,0.7,0.9,1.4,0.7,0.1,0.9,14,1
"422","Quintin Dailey",1982,76,27.4,15.1,6.2,13.3,46.6,0.1,0.3,20,2.7,3.7,73,1.1,2.3,3.4,3.7,0.9,0.1,2.7,10,1
"423","Lawrence Funderburke",1997,52,21,9.5,3.7,7.5,49,0,0.1,14.3,2.1,3.1,67.9,1.5,3,4.5,1.2,0.4,0.3,1.2,7,1
"424","Martell Webster",2005,61,17.5,6.6,2.3,5.7,39.9,1.1,3,35.7,1,1.2,85.9,0.5,1.7,2.1,0.6,0.3,0.2,0.7,10,1
"425","Othella Harrington",1996,57,15.1,4.8,2,3.6,54.9,0,0.1,0,0.9,1.4,60.5,1.3,2.2,3.5,0.3,0.2,0.4,1,12,1
"426","Doug West",1989,52,7.3,2.6,1,2.6,39.3,0.1,0.2,27.3,0.5,0.6,81.3,0.5,0.9,1.3,0.3,0.2,0.1,0.6,12,1
"427","Bo Outlaw",1993,37,23.5,6.9,2.6,4.5,58.7,0,0.1,0,1.6,2.8,59.2,2.2,3.5,5.7,1,1,1,0.8,15,1
"428","Jamal Crawford",2000,61,17.2,4.6,1.8,5,35.2,0.7,1.9,35,0.4,0.6,79.4,0.1,1.3,1.5,2.3,0.7,0.2,1.4,17,1
"429","Glen Davis",2007,69,13.6,4.5,1.6,3.2,48.4,0,0,0,1.4,2.2,66,1.4,1.6,3,0.4,0.5,0.3,0.9,8,1
"430","Steve Blake",2003,75,18.6,5.9,2.1,5.4,38.6,1,2.7,37.1,0.7,0.9,82.1,0.2,1.3,1.6,2.8,0.8,0.1,1.7,13,1
"431","David Wesley",1993,60,9,3.1,1.1,2.9,36.8,0.2,0.8,23.4,0.7,0.9,83,0.2,0.6,0.7,2.1,0.6,0.1,0.9,14,1
"432","Louis Orr",1980,82,21.8,10.5,4.2,8.6,49.1,0,0.1,0,2,2.5,80.7,2.1,2.3,4.4,1.6,0.7,0.3,1.5,8,1
"433","Jason Richardson",2001,80,32.9,14.4,5.8,13.6,42.6,1,3.1,33.3,1.8,2.6,67.1,1.6,2.7,4.3,3,1.3,0.4,2,13,1
"434","Trenton Hassell",2001,78,28.7,8.7,3.4,8.1,42.5,0.8,2.1,36.4,1.1,1.5,76.3,0.8,2.4,3.3,2.2,0.7,0.6,1.3,9,1
"435","Brevin Knight",1997,80,31,9,3.3,7.4,44.1,0,0.1,0,2.5,3.1,80.1,0.8,2.3,3.2,8.2,2.5,0.2,2.4,12,1
"436","Jay Vincent",1981,81,32.4,21.4,8.9,17.9,49.7,0,0,25,3.6,5,71.6,2.2,4.7,7,2.2,1.1,0.3,2.4,9,1
"437","Corey Maggette",1999,77,17.8,8.4,2.9,6.1,47.8,0,0.1,18.2,2.5,3.4,75.1,1.6,2.3,3.9,0.8,0.3,0.3,1.8,14,1
"438","Larry Nance",1981,80,14.8,6.6,2.8,5.5,52.1,0,0,0,0.9,1.5,64.1,1.2,2,3.2,1,0.5,0.9,1.3,13,1
"439","Anthony Tolliver",2008,19,10.9,2.7,1,3.4,29.2,0.5,2.2,22,0.3,0.5,50,0.6,1.5,2.2,0.9,0.3,0.1,0.4,9,1
"440","Loy Vaught",1990,73,16.1,5.5,2.4,4.9,48.7,0,0,0,0.7,1,66.2,1.7,3.1,4.8,0.5,0.3,0.3,0.7,11,1
"441","Rasheed Wallace",1995,65,27.5,10.1,4.2,8.7,48.7,0.4,1.3,32.9,1.2,1.8,65,1.4,3.2,4.7,1.3,0.7,0.8,1.6,16,1
"442","Jamaal Tinsley",2001,80,30.5,9.4,3.6,9.5,38,0.5,2.2,24,1.6,2.3,70.4,1,2.8,3.7,8.1,1.7,0.5,3.4,11,1
"443","Dickey Simpkins",1994,59,9.9,3.5,1.3,3.1,42.4,0,0,0,0.8,1.2,69.4,1,1.5,2.6,0.6,0.2,0.1,0.8,7,1
"444","Mahmoud Abdul-Rauf",1990,67,22.5,14.1,6.2,15.1,41.3,0.4,1.5,24,1.3,1.5,85.7,0.5,1.3,1.8,3.1,0.8,0.1,1.6,9,1
"445","Chris Kaman",2003,82,22.5,6.1,2.4,5.3,46,0,0,0,1.2,1.7,69.7,1.5,4.1,5.6,1,0.3,0.9,1.9,13,1
"446","Daequan Cook",2007,59,24.4,8.8,3.3,8.7,38.1,1.3,4,33.2,0.8,1,82.5,0.3,2.7,3,1.3,0.4,0.1,1.1,6,1
"447","Kris Humphries",2004,67,13,4.1,1.7,4.3,40.4,0,0.1,33.3,0.7,1.5,43.6,1.1,1.9,2.9,0.6,0.4,0.3,0.8,13,1
"448","Reggie Williams",1987,35,24.5,10.4,4.3,12.2,35.6,0.4,1.7,22.4,1.4,1.9,72.7,1.6,1.8,3.4,1.7,0.8,0.6,1.8,7,1
"449","Johnny Newman",1986,59,10.7,5,1.9,4.7,41.1,0,0.4,4.5,1.1,1.3,86.8,0.6,0.6,1.2,0.5,0.3,0.1,0.8,16,1
"450","Keith Bogans",2003,73,24.5,6.8,2.5,6.2,40.3,0.9,2.6,35.8,0.9,1.4,63.1,1.5,2.9,4.3,1.3,0.6,0.1,1,11,1
"451","Aaron McKie",1994,45,18.4,6.5,2.6,5.8,44.4,0.2,0.6,39.3,1.1,1.6,68.5,0.8,2.1,2.9,2,0.8,0.4,0.9,13,1
"452","Marvin Williams",2005,79,24.7,8.5,3,6.7,44.3,0.2,0.7,24.5,2.4,3.2,74.7,1.5,3.3,4.8,0.8,0.6,0.3,1.1,12,1
"453","A.C. Green",1985,82,18.8,6.4,2.5,4.7,53.9,0,0.1,16.7,1.2,2,61.1,2,2.7,4.6,0.7,0.6,0.6,1.2,16,1
"454","Corliss Williamson",1995,53,11.5,5.6,2.4,5.1,46.6,0,0.1,0,0.9,1.6,56,1.1,1.1,2.2,0.4,0.2,0.2,1.4,12,1
"455","Adam Keefe",1992,82,18.9,6.6,2.3,4.6,50,0,0,0,2,2.9,70,2.1,3.2,5.3,1,0.7,0.2,1.2,9,1
"456","Mark Jackson",1987,82,39.6,13.6,5.3,12.4,43.2,0.4,1.5,25.4,2.5,3.2,77.4,1.5,3.4,4.8,10.6,2.5,0.1,3.1,17,1
"457","Jeff Malone",1983,81,24.4,12.1,5,11.3,44.4,0.3,0.9,32.4,1.8,2.1,82.6,0.7,1.2,1.9,1.9,0.3,0.2,1.4,13,1
"458","Kevin McKenna",1981,36,6.6,1.9,0.8,2.4,32.2,0,0.1,0,0.3,0.5,64.7,0.5,0.3,0.8,0.4,0.3,0.1,0.6,6,1
"459","Hilton Armstrong",2006,56,11.3,3.1,1.2,2.2,54.4,0,0,0,0.7,1.2,59.7,1,1.6,2.7,0.2,0.2,0.5,0.6,6,1
"460","Bryon Russell",1993,67,16.7,5,2,4.2,48.4,0,0.3,9.1,0.9,1.5,61.4,0.9,1.8,2.7,0.8,1,0.3,0.8,13,1
"461","Terry Cummings",1982,70,36.2,23.7,9.8,18.7,52.3,0,0,0,4.2,5.9,70.9,4.3,6.3,10.6,2.5,1.8,0.9,2.9,18,1
"462","Eric Bledsoe",2010,81,22.7,6.7,2.5,6,42.4,0.4,1.4,27.6,1.2,1.6,74.4,0.8,1.9,2.8,3.6,1.1,0.3,2.4,7,1
"463","Micheal Williams",1988,49,7.3,2.6,1,2.6,36.4,0,0.2,22.2,0.6,1,66,0.2,0.4,0.6,1.4,0.3,0.1,0.9,10,1
"464","Mark Bryant",1988,56,14.3,5,2.1,4.4,48.6,0,0,0,0.7,1.2,58,1.2,2,3.2,0.6,0.4,0.1,0.7,15,1
"465","Kawhi Leonard",2011,64,24,7.9,3.1,6.3,49.3,0.6,1.7,37.6,1.1,1.4,77.3,1.6,3.5,5.1,1.1,1.3,0.4,0.7,6,1
"466","Ledell Eackles",1988,80,18.2,11.5,4,9.2,43.4,0.1,0.5,22.5,3.4,4.3,78.6,1.3,1,2.3,1.5,0.5,0.1,1.6,7,1
"467","Shavlik Randolph",2005,57,8.5,2.3,0.8,1.7,45.4,0,0,0,0.8,1.2,60.6,1,1.4,2.3,0.3,0.3,0.2,0.4,8,1
"468","Brandon Roy",2006,57,35.4,16.8,6.1,13.4,45.6,1,2.6,37.7,3.5,4.2,83.8,1,3.4,4.4,4,1.2,0.2,2,6,1
"469","Stromile Swift",2000,80,16.4,4.9,1.9,4.2,45.1,0,0.1,0,1.1,1.8,60.3,1.4,2.2,3.6,0.4,0.8,1,0.8,9,1
"470","Andre Miller",1999,82,25.5,11.1,4.1,9.2,44.9,0.1,0.6,20.4,2.8,3.6,77.4,1,2.4,3.4,5.8,1,0.2,2,17,1
"471","Tracy Murray",1992,48,10.3,5.7,2.3,5.4,41.5,0.4,1.5,30,0.7,0.8,87.5,0.8,0.9,1.7,0.2,0.2,0.1,0.7,12,1
"472","Antoine Walker",1996,82,36.2,17.5,7,16.5,42.5,0.6,1.9,32.7,2.8,4.5,63.1,3.5,5.5,9,3.2,1.3,0.7,2.8,12,1
"473","Mark Blount",2000,64,17.2,3.9,1.6,3.1,50.5,0,0,0,0.7,1,69.7,1.5,2.1,3.6,0.5,0.6,1.2,1,9,1
"474","Dwight Howard",2004,82,32.6,12,4.3,8.3,52,0,0,0,3.4,5,67.1,3.5,6.5,10,0.9,0.9,1.7,2,13,1
"475","Wayne Ellington",2009,76,18.2,6.6,2.5,5.9,42.4,0.8,2.1,39.5,0.8,0.9,87.1,0.4,1.7,2.1,1,0.3,0.1,1,8,1
"476","Marcus Banks",2003,81,17.1,5.9,2.2,5.5,40,0.3,1.1,31.4,1.2,1.6,75.6,0.4,1.3,1.6,2.2,1.1,0.2,1.5,8,1
"477","Shandon Anderson",1996,65,16.4,5.9,2.3,4.9,46.2,0.4,0.7,51.1,1,1.5,68.7,0.8,2,2.8,0.8,0.4,0.1,1.1,10,1
"478","Jay Humphries",1984,80,25.8,8.8,3.5,7.8,44.6,0.1,0.3,20,1.8,2.1,82.9,0.4,1.7,2.1,4.4,1.3,0.1,2.1,11,1
"479","Jim McIlvaine",1994,55,9.7,1.7,0.6,1.3,47.9,0,0,0,0.5,0.7,68.3,0.7,1.2,1.9,0.2,0.2,1.1,0.3,7,1
"480","JaVale McGee",2008,75,15.2,6.5,2.5,5.2,49.4,0,0,0,1.4,2.2,66,1.6,2.3,3.9,0.3,0.4,1,0.8,9,1
"481","D.J. Augustin",2008,72,26.5,11.8,3.7,8.6,43,1.5,3.4,43.9,2.9,3.2,89.3,0.2,1.6,1.8,3.5,0.6,0,1.6,9,1
"482","Deron Williams",2005,80,28.8,10.8,4.2,10.1,42.1,1.1,2.7,41.6,1.2,1.7,70.4,0.4,2,2.4,4.5,0.8,0.2,1.8,12,1
"483","Brent Price",1992,68,12.6,3.9,1.5,4.1,35.8,0.1,0.7,16.7,0.8,1,79.4,0.4,1.1,1.5,2.3,0.8,0,1.3,9,1
"484","Earl Boykins",1998,22,10,3,1.4,3.6,38,0.1,0.8,16.7,0.1,0.1,66.7,0.3,0.5,0.8,1.5,0.3,0,0.9,13,1
"485","Jayson Williams",1990,52,9.8,3.5,1.4,3.1,44.7,0,0,50,0.7,1.1,66.1,0.8,1.3,2.1,0.3,0.2,0.1,0.8,9,1
"486","Jacque Vaughn",1997,45,9.3,3.1,1,2.7,36.1,0.1,0.2,37.5,1.1,1.5,70.6,0.1,0.8,0.8,1.9,0.2,0,1.2,12,1
"487","Lance Thomas",2011,42,15,4,1.4,3,45.2,0,0,0,1.2,1.5,83.9,1.2,1.8,3,0.3,0.2,0.2,0.6,6,1
"488","Jeff Ayres",2009,39,10.4,2.7,1.1,1.7,66.2,0,0,0,0.5,0.5,90,0.6,1.9,2.5,0,0.2,0.4,0.3,6,1
"489","A.J. Price",2009,56,15.4,7.3,2.6,6.3,41,1.1,3.1,34.5,1.1,1.3,80,0.2,1.4,1.6,1.9,0.6,0.1,1.1,6,1
"490","Franklin Edwards",1981,42,6.9,3.6,1.5,3.6,43.3,0,0.2,0,0.5,0.6,74.1,0.2,0.4,0.6,1.1,0.4,0.1,0.6,7,1
"491","Elton Brand",1999,81,37,20.1,7.8,16.1,48.2,0,0,0,4.5,6.6,68.5,4.3,5.7,10,1.9,0.8,1.6,2.8,17,1
"492","John Wallace",1996,68,11.6,4.8,1.8,3.5,51.7,0,0.1,50,1.2,1.6,71.8,0.8,1.5,2.3,0.5,0.3,0.4,1.1,7,1
"493","Avery Johnson",1988,43,6.8,1.6,0.7,1.9,34.9,0,0.2,11.1,0.2,0.4,56.3,0.3,0.3,0.6,1.7,0.5,0.1,0.4,16,1
"494","Kenny Thomas",1999,72,25,8.3,2.9,7.4,39.9,0.4,1.7,26.2,1.9,2.9,66,2,4,6.1,1.6,0.8,0.3,1.6,11,1
"495","James Harden",2009,76,22.9,9.9,3.1,7.6,40.3,1.2,3.3,37.5,2.6,3.2,80.8,0.6,2.6,3.2,1.8,1.1,0.3,1.4,8,1
"496","Toney Douglas",2009,56,19.4,8.6,3.2,7,45.8,1.2,3.1,38.9,1,1.2,80.9,0.7,1.2,1.9,2,0.8,0.1,1,8,1
"497","Milt Palacio",1999,53,7.4,2,0.8,1.8,43.9,0,0,0,0.4,0.7,59.5,0.3,0.6,1,0.9,0.4,0,0.8,7,1
"498","Mike Woodson",1980,81,11.7,4.7,2,4.6,44.2,0,0.1,20,0.6,0.8,76.6,0.4,0.8,1.2,0.9,0.4,0.1,0.7,11,1
"499","T.J. Ford",2003,55,26.8,7.1,2.8,7.2,38.4,0.1,0.4,23.8,1.5,1.8,81.6,0.7,2.5,3.2,6.5,1.1,0.1,2.5,8,1
"500","Bob Thornton",1985,71,18.6,4.7,1.8,3.9,45.6,0,0,0,1.2,2.3,53.1,1.6,2.5,4.1,0.6,0.4,0.1,1.2,8,1
"501","Ron Anderson",1984,36,14.4,5.8,2.3,5.4,43.1,0,0.1,50,1.1,1.4,82,1.1,1.4,2.4,0.9,0.3,0.2,0.9,10,1
"502","Rick Mahorn",1980,52,13.4,4.8,2.1,4.2,50.7,0,0,0,0.5,0.8,67.5,1.3,2.8,4.1,0.5,0.4,0.8,0.7,18,1
"503","Bryant Reeves",1995,77,31.9,13.3,5.2,11.4,45.7,0,0,0,2.8,3.9,73.2,2.3,5.1,7.4,1.4,0.6,0.7,2,6,1
"504","Donald Royal",1989,66,11.3,5.9,1.8,3.9,45.9,0,0,0,2.3,3,77.7,1,1,2.1,0.7,0.5,0.1,1.2,8,1
"505","Bob Hansen",1983,55,7.6,2.7,1.2,2.6,44.8,0,0.1,0,0.3,0.5,64.3,0.2,0.6,0.9,0.8,0.3,0.1,0.6,9,1
"506","Charlie Villanueva",2005,81,29.1,13,5.4,11.6,46.3,0.9,2.6,32.7,1.4,2,70.6,2.2,4.2,6.4,1.1,0.7,0.8,1.2,11,1
"507","Russell Westbrook",2008,82,32.5,15.3,5.3,13.4,39.8,0.4,1.6,27.1,4.3,5.2,81.5,2.2,2.7,4.9,5.3,1.3,0.2,3.3,9,1
"508","Randy Foye",2006,82,22.9,10.1,3.7,8.4,43.4,0.8,2.3,36.8,2,2.3,85.4,0.6,2.1,2.7,2.8,0.7,0.3,1.9,11,1
"509","Joey Graham",2005,80,19.8,6.7,2.5,5.2,47.8,0.4,1.1,33.3,1.4,1.7,81.2,0.7,2.3,3.1,0.8,0.5,0.2,1.1,6,1
"510","P.J. Brown",1993,79,24.7,5.7,2.1,5.1,41.5,0,0.1,16.7,1.5,1.9,75.7,2.4,3.9,6.2,1.2,0.9,1.2,0.9,15,1
"511","Jerry Stackhouse",1995,72,37.5,19.2,6.3,15.2,41.4,1.3,4.1,31.8,5.4,7.2,74.7,1.3,2.4,3.7,3.9,1.1,1.1,3.5,18,1
"512","Steve Johnson",1981,78,22.3,12.8,5.1,8.3,61.3,0,0,0,2.7,4.2,64.2,1.9,3.9,5.9,1.2,0.5,1.1,2.5,10,1
"513","Wayman Tisdale",1985,81,28.1,14.7,6.4,12.4,51.5,0,0,0,2,2.9,68.4,2.4,4.9,7.2,1,0.4,0.5,2.3,12,1
"514","Brian Shaw",1988,82,28.1,8.6,3.6,8.4,43.3,0,0.2,0,1.3,1.6,82.6,1.5,3.1,4.6,5.8,0.9,0.3,2.3,14,1
"515","Walter McCarty",1996,35,5.5,1.8,0.7,1.9,38.2,0.1,0.4,28.6,0.2,0.4,57.1,0.2,0.4,0.7,0.4,0.2,0.3,0.5,10,1
"516","Dell Curry",1986,67,9.5,4.9,2.1,4.9,42.6,0.3,0.9,28.3,0.4,0.6,78.9,0.4,0.7,1.2,0.9,0.4,0.1,0.7,16,1
"517","Christian Laettner",1992,81,34.9,18.2,6.2,13.1,47.4,0,0.5,10,5.7,6.8,83.5,2.1,6.6,8.7,2.8,1.3,1,3.4,13,1
"518","Marreese Speights",2008,79,16,7.7,3.2,6.4,50.2,0,0.1,25,1.3,1.7,77.3,1.6,2.2,3.7,0.4,0.3,0.7,0.6,9,1
"519","Mitchell Wiggins",1983,82,25.9,12.4,4.9,10.9,44.8,0.1,0.4,24.1,2.6,3.5,74.2,1.7,2.3,4,2.3,1.3,0.1,1.7,6,1
"520","Jeff Ruland",1981,82,27,14.4,5.1,9.1,56.1,0,0,33.3,4.2,5.5,75.2,3.1,6.2,9.3,1.6,0.5,0.7,2.9,8,1
"521","Vern Fleming",1984,80,31.1,14.1,5.4,11.5,47,0,0.1,0,3.3,4.2,76.7,1.9,2.2,4,3.1,1.2,0.1,2.5,12,1
"522","Reggie Evans",2002,67,20.4,3.2,1,2.1,47.1,0,0,0,1.2,2.3,51.9,2.5,4.1,6.6,0.5,0.6,0.2,0.8,13,1
"523","Lee Mayberry",1992,82,18.3,5.2,2.1,4.6,45.6,0.5,1.3,39.1,0.5,0.8,57.4,0.3,1.1,1.4,3.3,0.7,0.1,1,7,1
"524","Alton Lister",1981,80,14.8,4.5,1.9,3.6,51.9,0,0,0,0.8,1.5,52,1.4,3.5,4.8,1.1,0.2,1.5,1.6,16,1
"525","LeBron James",2003,79,39.5,20.9,7.9,18.9,41.7,0.8,2.7,29,4.4,5.8,75.4,1.3,4.2,5.5,5.9,1.6,0.7,3.5,14,1
"526","Ty Lawson",2009,65,20.3,8.3,3.1,6,51.5,0.5,1.3,41,1.6,2.2,75.7,0.6,1.3,1.9,3.1,0.7,0,1.3,8,1
"527","Klay Thompson",2011,66,24.4,12.5,4.8,10.9,44.3,1.7,4.1,41.4,1.2,1.4,86.8,0.4,2.1,2.4,2,0.7,0.3,1.6,6,1
"528","Chris Webber",1993,76,32.1,17.5,7.5,13.6,55.2,0,0.2,0,2.5,4.7,53.2,4,5.1,9.1,3.6,1.2,2.2,2.7,15,1
"529","Ricky Pierce",1982,39,6.8,2.2,0.8,2.3,37.5,0,0.2,14.3,0.5,0.8,56.3,0.4,0.5,0.9,0.4,0.2,0.1,0.5,16,1
"530","Mike Dunleavy",2002,82,15.9,5.7,2,5.1,40.3,0.6,1.8,34.7,1,1.2,78,0.8,1.8,2.6,1.3,0.7,0.2,1.1,15,1
"531","Don MacLean",1992,62,10.9,6.6,2.5,5.8,43.5,0,0.1,50,1.5,1.8,81.1,0.5,1.4,2,0.6,0.2,0.1,0.7,9,1
"532","Mike Gminski",1980,56,28.2,13.2,5.2,12.3,42.3,0,0,0,2.8,3.6,76.7,2.4,5,7.5,1.3,1,1.8,2.3,14,1
"533","Travis Knight",1996,71,16.3,4.8,2,3.9,50.9,0,0,0,0.9,1.4,62,1.8,2.7,4.5,0.5,0.4,0.8,0.7,7,1
"534","Vernon Maxwell",1988,79,26.1,11.7,4.5,10.5,43.2,0.4,1.6,24.8,2.3,3.1,74.5,0.6,1.9,2.6,3.8,1.1,0.1,2.3,13,1
"535","Johnny Dawkins",1986,81,20.8,10.3,4.1,9.4,43.7,0.2,0.6,29.8,1.9,2.4,80.1,0.7,1.4,2.1,3.6,0.8,0,1.5,9,1
"536","Jeremy Evans",2010,49,9.4,3.6,1.6,2.3,66.1,0,0,0,0.5,0.8,70.3,0.7,1.2,2,0.5,0.3,0.3,0.4,6,1
"537","Darrell Arthur",2008,76,19.3,5.6,2.5,5.7,43.8,0,0,0,0.5,0.8,66.7,1.4,3.1,4.6,0.6,0.7,0.7,0.6,8,1
"538","O.J. Mayo",2008,82,38,18.5,6.9,15.6,43.8,1.8,4.6,38.4,3,3.4,87.9,0.7,3.1,3.8,3.2,1.1,0.2,2.8,8,1
"539","Danny Granger",2005,78,22.6,7.5,2.8,6.1,46.2,0.4,1.2,32.3,1.5,1.9,77.7,1.7,3.2,4.9,1.2,0.7,0.8,1,10,1
"540","Sleepy Floyd",1982,76,16.4,8.1,3,6.9,42.9,0.1,0.3,40,2,2.4,83.3,0.7,1.1,1.8,1.8,0.8,0.2,1.4,13,1
"541","Alvin Robertson",1984,79,21.3,9.2,3.8,7.6,49.8,0.1,0.1,36.4,1.6,2.1,73.4,1.5,1.9,3.4,3.5,1.6,0.3,2.1,10,1
"542","Jeff Lamp",1981,54,11.4,4.6,1.9,3.6,51,0,0,0,0.9,1.1,82,0.4,0.7,1.2,0.5,0.3,0,0.8,6,1
"543","John Bagley",1982,68,14.6,5.7,2.4,5.5,43.2,0,0.2,0,0.9,1.2,76.2,0.3,1.2,1.4,2.5,0.8,0.1,1.7,11,1
"544","Theo Ratliff",1995,75,17.4,4.5,1.7,3.1,55.7,0,0,0,1.1,1.6,70.8,1.5,2.5,4,0.2,0.2,1.6,0.8,16,1
"545","Randy Wittman",1983,78,13.7,4.5,2.1,4.1,50.3,0,0.1,40,0.4,0.6,60.9,0.2,0.7,0.9,0.9,0.2,0,0.4,9,1
"546","Scott Brooks",1988,82,16.7,5.2,1.9,4.5,42,0.7,1.9,35.9,0.7,0.8,88.4,0.2,0.9,1.1,3.7,0.8,0,0.8,10,1
"547","Sean Rooks",1992,72,29,13.5,5.1,10.4,49.3,0,0,0,3.3,5.4,60.2,2.7,4.7,7.4,1.3,0.5,1.1,2.2,12,1
"548","Duane Causwell",1990,76,22.6,6.9,2.8,5.4,50.8,0,0,0,1.4,2.2,63.6,1.9,3.3,5.1,0.9,0.6,1.9,1.3,11,1
"549","Anthony Parker",1997,37,5.3,1.9,0.7,1.7,39.7,0.2,0.8,32.1,0.4,0.5,65,0.2,0.5,0.7,0.5,0.3,0.1,0.3,9,1
"550","Desmond Mason",2000,78,19.5,5.9,2.4,5.6,43.1,0.2,0.9,26.9,0.9,1.2,73.6,0.9,2.3,3.2,0.8,0.5,0.3,0.7,10,1
"551","Darius Miles",2000,81,26.3,9.4,3.9,7.8,50.5,0,0.2,5.3,1.5,2.9,52.1,1.6,4.3,5.9,1.2,0.6,1.5,1.8,7,1
"552","Daniel Gibson",2006,60,16.5,4.6,1.6,3.9,42.4,0.9,2.1,41.9,0.5,0.7,71.8,0.5,1.1,1.5,1.2,0.4,0.1,0.7,7,1
"553","Sherman Douglas",1989,81,30.5,14.3,5.7,11.6,49.4,0.1,0.4,16.1,2.8,4,68.7,0.9,1.7,2.5,7.6,1.8,0.1,3,12,1
"554","Larry Robinson",1990,36,11.8,3.9,1.7,4.2,41.3,0,0,0,0.4,0.8,55.6,0.8,0.6,1.4,1,0.4,0,0.8,7,1
"555","Derrick Coleman",1990,74,35.2,18.4,6.9,14.9,46.7,0.2,0.5,34.2,4.4,6,73.1,3.6,6.6,10.3,2.2,1,1.3,2.9,15,1
"556","Chucky Atkins",1999,82,19.8,9.5,3.8,9,42.4,0.7,2,35,1.2,1.6,72.9,0.2,1.3,1.5,3.7,0.6,0,1.7,11,1
"557","Ervin Johnson",1993,45,6.2,2.6,1,2.4,41.5,0,0,0,0.6,1,63,1.1,1.6,2.6,0.2,0.2,0.5,0.5,13,1
"558","Darvin Ham",1996,36,8.8,2.3,0.9,1.7,53.2,0,0,0,0.5,1,48.6,0.8,0.8,1.6,0.4,0.3,0.2,0.6,8,1
"559","Robert Horry",1992,79,29.5,10.1,4.1,8.6,47.4,0.2,0.6,25.5,1.8,2.5,71.5,1.4,3.5,5,2.4,1,1.1,2,16,1
"560","George Lynch",1993,71,24.8,9.6,4.1,8.1,50.8,0,0.1,0,1.4,2.3,59.6,3.1,2.7,5.8,1.4,1.4,0.4,1.2,12,1
"561","Tony Brown",1984,82,19.3,6.6,2.6,5.7,46,0,0.1,0,1.4,2.1,67.8,1.8,1.7,3.5,1.9,0.7,0.1,1.4,7,1
"562","Spencer Hawes",2007,71,13.1,4.7,2.1,4.5,45.9,0.1,0.3,19,0.5,0.8,65.5,1,2.3,3.2,0.6,0.2,0.6,0.8,10,1
"563","Tyson Chandler",2001,71,19.6,6.1,2.1,4.3,49.7,0,0,0,1.9,3.1,60.4,1.6,3.2,4.8,0.8,0.4,1.3,1.4,16,1
"564","Kevin Willis",1984,82,21.8,9.3,3.9,8.4,46.7,0,0.1,22.2,1.5,2.2,65.7,2.2,4.2,6.4,0.4,0.4,0.6,1.3,21,1
"565","Kenny Gattison",1986,77,14.3,5.2,1.9,4,47.6,0,0,0,1.4,2.2,63.2,1.1,2.4,3.5,0.5,0.3,0.4,1.1,9,1
"566","Zach Randolph",2001,41,5.8,2.8,1.2,2.6,44.9,0,0,0,0.4,0.7,66.7,0.8,0.9,1.7,0.3,0.2,0.1,0.4,16,1
"567","Adrian Caldwell",1989,51,6.5,1.9,0.8,1.5,55.3,0,0,0,0.3,0.5,46.4,0.7,1.4,2.1,0.1,0.2,0.3,0.6,6,1
"568","Shawn Kemp",1989,81,13.8,6.5,2.5,5.2,47.9,0,0.1,16.7,1.4,2,73.6,1.8,2.5,4.3,0.3,0.6,0.9,1.3,14,1
"569","Dana Barros",1989,81,20.1,9.7,3.7,9.1,40.5,1.2,2.9,39.9,1.1,1.4,80.9,0.4,1.2,1.6,2.5,0.7,0,1.5,14,1
"570","Austin Daye",2009,69,13.3,5.1,2,4.3,46.4,0.4,1.4,30.5,0.7,0.8,82.1,0.5,2,2.5,0.5,0.4,0.4,0.7,6,1
"571","David West",2003,71,13.1,3.8,1.5,3.2,47.4,0,0,0,0.8,1.1,71.3,1.6,2.5,4.2,0.8,0.4,0.4,0.7,14,1
"572","Dee Brown",1990,82,23.7,8.7,3.5,7.5,46.4,0.1,0.4,20.6,1.7,1.9,87.3,0.5,1.7,2.2,4.2,1,0.2,1.7,12,1
"573","Jim Les",1988,82,9.5,1.7,0.5,1.6,30.1,0,0.2,7.1,0.7,0.9,78.1,0.3,0.8,1.1,2.6,0.3,0.1,1.1,7,1
"574","Randy Brown",1991,56,9.6,3.4,1.4,3,45.6,0,0.1,0,0.7,1,65.5,0.5,0.8,1.2,1.1,0.6,0.2,0.8,12,1
"575","Butch Carter",1980,54,12.4,5.6,2.1,4.6,46.2,0.1,0.2,30,1.3,1.8,73.7,0.6,0.6,1.2,1,0.4,0,0.9,6,1
"576","Chris Mills",1993,79,25.6,9.4,3.6,8.6,41.9,0.5,1.5,31.1,1.7,2.2,77.8,1.7,3.4,5.1,1.6,0.7,0.6,1.1,10,1
"577","Sean Higgins",1990,50,9.3,4.5,1.9,4.2,45.8,0.1,0.4,15.8,0.6,0.7,84.8,0.4,0.9,1.3,0.7,0.2,0,1,6,1
"578","Wesley Matthews",2009,82,24.7,9.4,3.3,6.9,48.3,0.8,2,38.2,2,2.4,82.9,0.6,1.7,2.3,1.5,0.8,0.2,1.1,8,1
"579","Jason Kapono",2003,41,10.4,3.5,1.3,3.1,40.3,0.5,1.1,47.7,0.5,0.6,83.3,0.5,0.9,1.3,0.3,0.3,0.1,0.5,9,1
"580","Brandon Rush",2008,75,24,8.1,3.2,7.7,42.3,1,2.8,37.3,0.6,0.9,69.7,0.5,2.7,3.1,0.9,0.5,0.5,1,9,1
"581","Brad Daugherty",1986,80,33.7,15.7,6.1,11.3,53.8,0,0,0,3.5,5,69.6,1.9,6.2,8.1,3.8,0.6,0.8,3.1,8,1
"582","Nate Robinson",2005,72,21.4,9.3,3.2,7.8,40.7,0.8,2,39.7,2.1,2.8,75.2,0.8,1.5,2.3,2,0.8,0,1.6,11,1
"583","Renaldo Balkman",2006,68,15.6,4.9,2,4,50.5,0.1,0.4,18.5,0.8,1.3,56.7,1.4,2.9,4.3,0.6,0.8,0.7,0.7,6,1
"584","Terrell Brandon",1991,82,19.6,7.4,3.1,7.3,41.9,0,0.3,4.3,1.2,1.5,80.6,0.6,1.4,2,3.9,1,0.3,1.7,11,1
"585","Carlos Rogers",1994,49,20.8,8.9,3.7,6.9,52.9,0,0.3,14.3,1.6,3,52.1,2.2,3.5,5.7,0.8,0.5,1.1,1.7,8,1
"586","Sam Mack",1992,40,6.7,3.6,1.2,3,39.8,0.1,0.6,13.6,1.1,1.5,77.6,0.5,0.8,1.2,0.4,0.3,0.1,0.6,7,1
"587","Trent Tucker",1982,78,23.5,8.4,3.8,8.3,46.2,0.2,0.4,46.7,0.6,0.8,67.2,1,1.8,2.8,2.5,0.7,0.1,0.9,11,1
"588","Shawn Marion",1999,51,24.7,10.2,4.4,9.2,47.1,0.1,0.4,18.2,1.4,1.7,84.7,2.1,4.5,6.5,1.4,0.8,1,1,16,1
"589","DeMarcus Cousins",2010,81,28.5,14.1,5.3,12.4,43,0,0.2,16.7,3.4,5,68.7,2.7,6,8.6,2.5,1.1,0.8,3.3,7,1
"590","Harvey Grant",1988,71,16.8,5.6,2.5,5.5,46.4,0,0,0,0.5,0.8,59.6,1.1,1.2,2.3,1.1,0.5,0.4,0.4,11,1
"591","DerMarr Johnson",2000,78,16.8,5.1,1.9,5,37.4,0.5,1.6,32.3,0.8,1.1,73.6,0.7,1.6,2.3,0.8,0.6,0.4,1.2,7,1
"592","Cuttino Mobley",1998,49,29.7,9.9,3.5,8.3,42.5,1.1,3,35.8,1.8,2.2,81.8,0.4,1.8,2.3,2.5,0.9,0.5,1.6,11,1
"593","Marquis Daniels",2003,56,18.6,8.5,3.6,7.3,49.4,0.2,0.6,30.6,1.1,1.4,76.9,1.2,1.4,2.6,2.1,0.9,0.2,0.8,10,1
"594","Matt Barnes",2003,38,19.1,4.5,1.7,3.6,45.7,0.1,0.3,15.4,1.1,1.6,70.5,1.4,2.6,4,1.3,0.7,0.1,1.2,14,1
"595","Kirk Hinrich",2003,76,35.6,12,4.2,10.8,38.6,1.9,4.9,39,1.8,2.2,80.4,0.6,2.9,3.4,6.8,1.3,0.3,2.7,13,1
"596","Craig Hodges",1982,76,26.6,9.9,4.2,9.3,45.2,0.3,1.2,22.2,1.2,1.7,72.3,0.7,0.9,1.6,3.6,1.1,0.1,2.1,10,1
"597","Nick Young",2007,75,15.4,7.5,2.8,6.4,43.9,0.5,1.3,40,1.3,1.7,81.5,0.3,1.2,1.5,0.8,0.5,0.1,1.3,10,1
"598","Jud Buechler",1990,74,11.6,3.1,1.3,3.1,41.6,0,0.1,25,0.6,0.9,65.2,0.8,1.1,1.9,0.7,0.5,0.2,0.3,12,1
"599","Ed Pinckney",1985,80,20,8.5,3.2,5.7,55.8,0,0,0,2.1,3.2,67.3,1.2,2.7,3.9,1.1,0.9,0.5,1.9,12,1
"600","Jordan Farmar",2006,72,15.1,4.4,1.7,4.1,42.2,0.6,1.9,32.8,0.4,0.5,71.1,0.3,1.3,1.7,1.9,0.6,0.1,1,10,1
